date,strategy,buy_hold
2018-05-03,0.9950766416612704,0.9955766416612705
2018-05-04,1.0112213291226526,1.0117294414060616
2018-05-05,0.9903621981861696,0.9908598293015644
2018-05-06,0.9614569688537694,0.9619400758470402
2018-05-07,0.9472818835768511,0.947757867960323
2018-05-08,0.9370657912505883,0.9570313357379591
2018-05-09,0.9653268753781212,0.9281681082628853
2018-05-10,1.0296308553891935,0.8663394106445033
2018-05-11,1.021897861436713,0.8728460119067365
2018-05-12,0.9955779990800578,0.8953269150956736
2018-05-13,0.996394003229611,0.8945930795964966
2018-05-14,1.0199882209372233,0.8734094676806197
2018-05-15,1.0369532842417184,0.8588823911852345
2018-05-16,1.0709669165760827,0.8307097528261236
2018-05-17,1.0502404236108478,0.8467865331464235
2018-05-18,1.050722845963906,0.8463975662559147
2018-05-19,1.0168244508070459,0.8737040241586425
2018-05-20,1.0280828579271049,0.8640302642499339
2018-05-21,1.074145816295837,0.8253176354140473
2018-05-22,1.1387886666578,0.7756494399067201
2018-05-23,1.1343406823893765,0.7786790419808628
2018-05-24,1.1503675101485071,0.7676772723368572
2018-05-25,1.1694774407492536,0.7549246004570387
2018-05-26,1.1675155082337945,0.7561910730444944
2018-05-27,1.2043130109913645,0.7323576053951443
2018-05-28,1.1475064185282475,0.766902395368558
2018-05-29,1.1576522379760337,0.7601217333070214
2018-05-30,1.1439524025149739,0.7691171313506412
2018-05-31,1.136735274673701,0.7739694457036398
2018-06-01,1.1213606457874974,0.7844375760256885
2018-06-02,1.110093446240159,0.7923194423411458
2018-06-03,1.1396824868632816,0.7712005246091966
2018-06-04,1.1215904314017238,0.783443059546812
2018-06-05,1.1186195755998736,0.7855182344892062
2018-06-06,1.115073969915275,0.788008033504271
2018-06-07,1.106215442924664,0.7825358376213066
2018-06-08,1.092731812997856,0.7729975295942066
2018-06-09,1.1998621755973204,0.6964406071812249
2018-06-10,1.1784854010758543,0.7088484104523753
2018-06-11,1.233863094049197,0.6755392242691287
2018-06-12,1.2774377044628429,0.651682154016657
2018-06-13,1.2119654361104657,0.6850826937996713
2018-06-14,1.2516849561731183,0.6626306048289824
2018-06-15,1.2335433433426022,0.6722346092736883
2018-06-16,1.2431271073871055,0.6670118192415436
2018-06-17,1.1980730710927512,0.6911859962297974
2018-06-18,1.1918254701540212,0.694790329206703
2018-06-19,1.190661825648898,0.6954686910717918
2018-06-20,1.198886419292048,0.6906646843820824
2018-06-21,1.3139786658640016,0.6243613641723309
2018-06-22,1.2969612913087845,0.6324474857114051
2018-06-23,1.2946988362702678,0.6335507445443661
2018-06-24,1.2787699579040472,0.64134541652982
2018-06-25,1.3105920265990794,0.6253855968797659
2018-06-26,1.2969434174884327,0.631898411990804
2018-06-27,1.350380896614595,0.6058625358336124
2018-06-28,1.278358355739147,0.6381762033043044
2018-06-29,1.2401821011685366,0.6572343782588256
2018-06-30,1.2354211931772987,0.6553685699318071
2018-07-01,1.2796005195234263,0.6788049024861711
2018-07-02,1.2789607192636647,0.670123504253931
2018-07-03,1.2916326600808088,0.6770981486438828
2018-07-04,1.2997749906103944,0.681366511544279
2018-07-05,1.3065017790278828,0.6848928206293369
2018-07-06,1.3424127479325956,0.7037180263653608
2018-07-07,1.3261536102218803,0.6951946803841725
2018-07-08,1.3198633953339671,0.6918972313595313
2018-07-09,1.2392434541595378,0.6496347409471491
2018-07-10,1.2253258936306062,0.6562809533607554
2018-07-11,1.1923115659942314,0.6392548573004658
2018-07-12,1.1893505929935817,0.6402031206950934
2018-07-13,1.1820920826954913,0.6441102284661828
2018-07-14,1.1663612885119812,0.6526817818872925
2018-07-15,1.0962821420652133,0.6918972313595313
2018-07-16,1.002083258259009,0.7513490315866976
2018-07-17,1.0078894107930219,0.7564537584915505
2018-07-18,0.9937434144039994,0.7663143347578752
2018-07-19,1.0087463309911446,0.7547450001819057
2018-07-20,1.0166754290539024,0.761432304176318
2018-07-21,1.01656583072717,0.7613502212380736
2018-07-22,1.0566638974156974,0.791381401730036
2018-07-23,1.1543891389952388,0.8645720717763684
2018-07-24,1.1211070444358768,0.8396456683009427
2018-07-25,1.151477123029363,0.8160605541570503
2018-07-26,1.1812326354753184,0.8379645716408164
2018-07-27,1.1851590719300755,0.8407499794792659
2018-07-28,1.1889652796347248,0.8434500972317008
2018-07-29,1.1834707127312927,0.8395522601221348
2018-07-30,1.1255968873224294,0.7984966595050395
2018-07-31,1.1030963804904006,0.782534835387629
2018-08-01,1.0947401997991482,0.7766069739628716
2018-08-02,1.1128518258298614,0.7629820080012328
2018-08-03,1.0516325554011843,0.7217724642911663
2018-08-04,1.045253133373455,0.7254291138660739
2018-08-05,1.0625072417072001,0.7134543757672731
2018-08-06,1.0928732782272006,0.6930641320310582
2018-08-07,1.1652641742657992,0.6471562170609644
2018-08-08,1.1167690599970514,0.6740890923601437
2018-08-09,1.1819773875031778,0.634728920344773
2018-08-10,1.1607600380276322,0.6461227638036899
2018-08-11,1.1645699557950568,0.6488896303190927
2018-08-12,1.1599431064581895,0.6463115846286624
2018-08-13,1.1768078739909833,0.636268351274486
2018-08-14,1.1561539184786545,0.6474353892520266
2018-08-15,1.1513504544415674,0.6501252842209437
2018-08-16,1.1066576316719277,0.6753616785730362
2018-08-17,1.1330383148980478,0.6592622978832929
2018-08-18,1.1185202672918346,0.6677096745516737
2018-08-19,1.1524812519204555,0.6474363914857045
2018-08-20,1.119555724008554,0.6659331652453827
2018-08-21,1.1388885402543483,0.6544336362450998
2018-08-22,1.1659990016986241,0.6706664142374112
2018-08-23,1.1318097199131607,0.6896609473533668
2018-08-24,1.1379589226353755,0.6940975852883324
2018-08-25,1.1285482387530292,0.6883575424548695
2018-08-26,1.1583938556490905,0.7065618644272492
2018-08-27,1.1940038604559036,0.7282821724778015
2018-08-28,1.1857391036658875,0.7232410874115143
2018-08-29,1.174141069417453,0.7161668711056334
2018-08-30,1.1841271815586665,0.7222578961732014
2018-08-31,1.2103198477588375,0.738234102343894
2018-09-01,1.2236913249535755,0.7463900294586546
2018-09-02,1.2215611559221775,0.745090733718238
2018-09-03,1.2386561567531782,0.7555178225711645
2018-09-04,1.1429461044740419,0.6971395148367168
2018-09-05,1.0985832476050923,0.6700804082057683
2018-09-06,1.0881344267325908,0.6637071541344195
2018-09-07,1.1276115198432997,0.6389644099805237
2018-09-08,1.1140497321843656,0.6466492371548472
2018-09-09,1.1089504973382205,0.6496090837649872
2018-09-10,1.1104396799118843,0.648736739571483
2018-09-11,1.1050642734400247,0.6518771385787505
2018-09-12,1.076269368987147,0.6688632455152799
2018-09-13,1.0770290296688176,0.6683911433411645
2018-09-14,1.080994274552811,0.6715203173312362
2018-09-15,1.0842120165689777,0.66884991580736
2018-09-16,1.123470150239229,0.6446315904255816
2018-09-17,1.1073547234842327,0.6538783987873776
2018-09-18,1.1109818190501197,0.6566740294093448
2018-09-19,1.0888389929780364,0.6691054352836168
2018-09-20,1.1237037465666766,0.6911993760494015
2018-09-21,1.121539709923341,0.6898682593897021
2018-09-22,1.1196459843737292,0.6887034132972157
2018-09-23,1.1004219612314672,0.6768785592449895
2018-09-24,1.0755718338633227,0.6615930424136275
2018-09-25,1.0836688649947641,0.6665735925657515
2018-09-26,1.1139932400852641,0.6852263639974413
2018-09-27,1.1085506834465306,0.6818786028421545
2018-09-28,1.1015147740739055,0.6775507573729573
2018-09-29,1.1054523708469484,0.679972805391376
2018-09-30,1.0994559127235166,0.6762843348971855
2018-10-01,1.0938632104109636,0.6728442179084527
2018-10-02,1.0849352048503527,0.6673525285804475
2018-10-03,1.0714869180330082,0.6749573273955667
2018-10-04,1.077875631955947,0.6796567008892721
2018-10-05,1.072314131393692,0.6761498852492552
2018-10-06,1.0746969617932074,0.6776523838679266
2018-10-07,1.0827177455063486,0.6827099055665363
2018-10-08,1.081156901393135,0.6817257120945454
2018-10-09,1.0718616137572032,0.6758645493210721
2018-10-10,1.0182664071742296,0.6420699813674738
2018-10-11,1.021251402331679,0.6439521762151309
2018-10-12,1.0183730325363953,0.6451231860447382
2018-10-13,1.0175727285392742,0.6456301659508549
2018-10-14,0.9681396155085774,0.676994517681557
2018-10-15,0.967108341247786,0.6769503692880324
2018-10-16,0.9595311695677701,0.6716465486630054
2018-10-17,0.9685006398860434,0.6646965091098533
2018-10-18,0.97019036632685,0.6635368245208098
2018-10-19,0.9666220051688785,0.6659773136389073
2018-10-20,0.9676408601477536,0.665275349170697
2018-10-21,0.9669228475188614,0.6657689993688938
2018-10-22,0.9686250073410109,0.6645969873056083
2018-10-23,0.9656185581052829,0.6666597846620766
2018-10-24,0.9685246725828044,0.6646534130616909
2018-10-25,0.968040410246513,0.664495360810639
2018-10-26,0.968040410246513,0.6650731485261204
2018-10-27,0.968040410246513,0.6656899732433678
2018-10-28,0.968040410246513,0.6499097538684468
2018-10-29,0.968040410246513,0.6500780790147004
2018-10-30,0.968040410246513,0.6483682683596936
2018-10-31,0.968040410246513,0.6545434309445465
2018-11-01,0.9659383564345286,0.6556374692276681
2018-11-02,0.9654553872563114,0.6528480023428218
2018-11-03,0.9654553872563114,0.6543741035646148
2018-11-04,0.9654553872563114,0.6588415601851851
2018-11-05,0.9654553872563114,0.6630852180254136
2018-11-06,0.9654553872563114,0.6701799801216977
2018-11-07,0.9654553872563114,0.6623371006963223
2018-11-08,0.9654553872563114,0.6553480742530884
2018-11-09,0.9654553872563114,0.657770122271507
2018-11-10,0.9654553872563114,0.6579804911205608
2018-11-11,0.9654553872563114,0.6538753419746594
2018-11-12,0.9654553872563114,0.6526663976003323
2018-11-13,0.9654553872563114,0.5889195750569298
2018-11-14,0.9497766135219556,0.5796501162140066
2018-11-15,0.9375883296395536,0.5722115879661005
2018-11-16,0.9371195354747339,0.5700338344067427
2018-11-17,0.9371195354747339,0.5771367647075041
2018-11-18,0.9371195354747339,0.49995484937279755
2018-11-19,0.8559294325291409,0.456889770230914
2018-11-20,0.8848265079489166,0.4723148481019652
2018-11-21,0.8394082482498384,0.44807086553802494
2018-11-22,0.8421891653165132,0.4461383585597224
2018-11-23,0.7509984903226498,0.3982774659884487
2018-11-24,0.7760029959747712,0.4115381200080622
2018-11-25,0.7313311901749899,0.3878472952669617
2018-11-26,0.739379637680027,0.39211563311151587
2018-11-27,0.823889116037041,0.43693359390072684
2018-11-28,0.8280355880500497,0.4391325948140624
2018-11-29,0.8778277342001364,0.41228716440330593
2018-11-30,0.9200852127155793,0.4325464161977803
2018-12-01,0.9037572979635705,0.424870408679825
2018-12-02,0.8501094097842073,0.3996496992847963
2018-12-03,0.8638108921795323,0.4060909799670529
2018-12-04,0.819516981093701,0.3852677211701723
2018-12-05,0.7686751901074506,0.3613662018540724
2018-12-06,0.7465904323883594,0.35098381262319356
2018-12-07,0.758854276309097,0.35674923702455685
2018-12-08,0.7890065234854929,0.3709242789404749
2018-12-09,0.7646483740138429,0.359473132771007
2018-12-10,0.7476057439083746,0.35146112641243565
2018-12-11,0.7612197123133655,0.35786126540220214
2018-12-12,0.7233933089614344,0.3400784829148726
2018-12-13,0.7078516343954238,0.33277209917743694
2018-12-14,0.7066022416052823,0.33218474013032867
2018-12-15,0.7101120216329756,0.333834742490589
2018-12-16,0.7740810710609213,0.36390759084772256
2018-12-17,0.7736940305253909,0.37932184459504925
2018-12-18,0.7736940305253909,0.38444215623359806
2018-12-19,0.7736940305253909,0.42431246519117183
2018-12-20,0.7736940305253909,0.3998973261708372
2018-12-21,0.7966654553681838,0.41197045856099507
2018-12-22,0.7936483477373348,0.41041025633830136
2018-12-23,0.809449727612792,0.4185814424608126
2018-12-24,0.7572325287352618,0.3915789620326824
2018-12-25,0.7655296352861012,0.39586954946489256
2018-12-26,0.7651468704684582,0.37509091512253373
2018-12-27,0.8210978352846774,0.4027067876175634
2018-12-28,0.7994378949491481,0.3920836869130232
2018-12-29,0.7990381760016736,0.39675780411803807
2018-12-30,0.7990381760016736,0.38410858780965157
2018-12-31,0.7990381760016736,0.39445557313584806
2019-01-01,0.7990381760016736,0.40470709570419616
2019-01-02,0.7990381760016736,0.3937598726281265
2019-01-03,0.7990381760016736,0.3959126455130551
2019-01-04,0.7990381760016736,0.3946274311558171
2019-01-05,0.7990381760016736,0.4183796176538653
2019-01-06,0.7990381760016736,0.41310611459760377
2019-01-07,0.7990381760016736,0.41368079538868285
2019-01-08,0.7990381760016736,0.4141373378849442
2019-01-09,0.7990381760016736,0.3775633504391237
2019-01-10,0.8004719686836013,0.3784296311188746
2019-01-11,0.8000717326992595,0.37575466943176256
2019-01-12,0.8000717326992595,0.36463506216304276
2019-01-13,0.8000717326992595,0.3803474303179496
2019-01-14,0.8000717326992595,0.37261158944940587
2019-01-15,0.8000717326992595,0.37510870477032154
2019-01-16,0.8000717326992595,0.37752634296055615
2019-01-17,0.8000717326992595,0.3753994026486831
2019-01-18,0.8000717326992595,0.3826582303980882
2019-01-19,0.8000717326992595,0.3695674549869294
2019-01-20,0.8000717326992595,0.3670036660705715
2019-01-21,0.8000717326992595,0.36993317005610404
2019-01-22,0.8000717326992595,0.3679366203457646
2019-01-23,0.8000717326992595,0.3695522460908627
2019-01-24,0.8000717326992595,0.3694393945786975
2019-01-25,0.8000717326992595,0.3697159359063545
2019-01-26,0.8000717326992595,0.36781785565489805
2019-01-27,0.8000717326992595,0.35616791643535944
2019-01-28,0.8000717326992595,0.35387585812500316
2019-01-29,0.8000717326992595,0.3577823896117276
2019-01-30,0.8000717326992595,0.3548688712533623
2019-01-31,0.8000717326992595,0.35796339301401026
2019-02-01,0.8000717326992595,0.3613619924726237
2019-02-02,0.8000717326992595,0.3555072941063748
2019-02-03,0.8000717326992595,0.3550085826281032
2019-02-04,0.8000717326992595,0.3557478552449844
2019-02-05,0.8000717326992595,0.35035065149699124
2019-02-06,0.8000717326992595,0.3488834565596344
2019-02-07,0.8000717326992595,0.3763169976927578
2019-02-08,0.8000717326992595,0.3767709594372978
2019-02-09,0.8000717326992595,0.37871932676355785
2019-02-10,0.8000717326992595,0.3744338006114226
2019-02-11,0.8000717326992595,0.37495699164728424
2019-02-12,0.8000717326992595,0.3727547835861785
2019-02-13,0.8000717326992595,0.3711958842672664
2019-02-14,0.8000717326992595,0.37159920815521547
2019-02-15,0.8000717326992595,0.3725204864080576
2019-02-16,0.8000717326992595,0.3770411365810982
2019-02-17,0.8523468516489802,0.40186478604866654
2019-02-18,0.8519206782231558,0.405085288582664
2019-02-19,0.86287484397642,0.41049649854630993
2019-02-20,0.8530155404634844,0.40580612009986633
2019-02-21,0.8525890326932527,0.41108210368448134
2019-02-22,0.8813236742945831,0.4251422645650358
2019-02-23,0.8808830124574359,0.39105932892637796
2019-02-24,0.8808830124574359,0.398476183870993
2019-02-25,0.8808830124574359,0.39556785207191236
2019-02-26,0.8808830124574359,0.39522809485500304
2019-02-27,0.8808830124574359,0.3956117248511755
2019-02-28,0.8808830124574359,0.3961041723689584
2019-03-01,0.8808830124574359,0.3966000024254052
2019-03-02,0.8808830124574359,0.3948307593132812
2019-03-03,0.8808830124574359,0.38604382587472674
2019-03-04,0.8808830124574359,0.39988001258404576
2019-03-05,0.8808830124574359,0.40065666851712384
2019-03-06,0.8808830124574359,0.40143066853095466
2019-03-07,0.8808830124574359,0.40036817555285437
2019-03-08,0.8808830124574359,0.40674984838710004
2019-03-09,0.8808830124574359,0.4055476690901008
2019-03-10,0.8808830124574359,0.40078851235749086
2019-03-11,0.8808830124574359,0.40119173602207214
2019-03-12,0.8808830124574359,0.4009414281609421
2019-03-13,0.8808830124574359,0.40275301564596994
2019-03-14,0.8808830124574359,0.40650327384642126
2019-03-15,0.8808830124574359,0.4155155845833607
2019-03-16,0.8753303564199826,0.41310413518608896
2019-03-17,0.8748926912417726,0.41385109994645036
2019-03-18,0.8748926912417726,0.4178210728250048
2019-03-19,0.8748926912417726,0.41949249793013654
2019-03-20,0.8620088125743878,0.41352469749330295
2019-03-21,0.8615778081681006,0.41297474681823343
2019-03-22,0.8615778081681006,0.41419173411782806
2019-03-23,0.8615778081681006,0.4127900100954995
2019-03-24,0.8615778081681006,0.4067248927685128
2019-03-25,0.8615778081681006,0.4089837771441207
2019-03-26,0.8615778081681006,0.41945040411565215
2019-03-27,0.8573611587516063,0.4176072963814449
2019-03-28,0.8569324781722306,0.42061096565916417
2019-03-29,0.8582364641239133,0.42146131082343175
2019-03-30,0.8578073458918514,0.4213324235724154
2019-03-31,0.8578073458918514,0.42674904559792365
2019-04-01,0.8578073458918514,0.5008156678790014
2019-04-02,0.8737517297141886,0.5103749225899759
2019-04-03,0.8649276063447061,0.5052205851180521
2019-04-04,0.8849365422225534,0.516908183268049
2019-04-05,0.8890015396229849,0.5192826251867533
2019-04-06,0.8885570388531735,0.5335561866732382
2019-04-07,0.9036442766532642,0.5428824721657154
2019-04-08,0.8891558743632122,0.5341782731172962
2019-04-09,0.9095858261623069,0.5464519775223036
2019-04-10,0.9531026084281377,0.5197619434433518
2019-04-11,0.9568639865946102,0.5223329233863507
2019-04-12,0.956385554601313,0.5230561853202228
2019-04-13,0.9692561389387926,0.5303567561023249
2019-04-14,0.9503850559722196,0.5200308928508964
2019-04-15,0.9499098634442334,0.5373188224596154
2019-04-16,0.9499098634442334,0.5389997186730062
2019-04-17,0.9499098634442334,0.5437665926049383
2019-04-18,0.9504078332906324,0.5443235338599133
2019-04-19,0.9499326293739871,0.5478204774982
2019-04-20,0.9499326293739871,0.5454235855451041
2019-04-21,0.9499326293739871,0.5541299895076154
2019-04-22,0.9798937522554356,0.5718844588935358
2019-04-23,0.9794038053793079,0.5608523215690807
2019-04-24,0.9794038053793079,0.5347485941918751
2019-04-25,0.9794038053793079,0.5418127881609741
2019-04-26,0.9794038053793079,0.5406780090788338
2019-04-27,0.9794038053793079,0.5424071127321459
2019-04-28,0.9794038053793079,0.5385291198494082
2019-04-29,0.9794038053793079,0.5491382644499795
2019-04-30,0.9794038053793079,0.5544719516386168
2019-05-01,0.9794038053793079,0.5650002660930413
2019-05-02,0.9794038053793079,0.5919922230675504
2019-05-03,0.9794038053793079,0.5984453050513677
2019-05-04,0.9729584068947446,0.5948061945658286
2019-05-05,0.9724719276912972,0.5897875094222491
2019-05-06,0.9724719276912972,0.5982743239858671
2019-05-07,0.9975016762848028,0.6139720094173884
2019-05-08,0.9970029254466605,0.6336840416235663
2019-05-09,0.9970029254466605,0.6546531755323087
2019-05-10,0.8674142077472451,0.7394165376374323
2019-05-11,0.8385671445514317,0.7155656311220815
2019-05-12,0.939899847866328,0.8020347949474991
2019-05-13,0.9614884306877212,0.8204567519630999
2019-05-14,0.9351798044200132,0.8420859569723038
2019-05-15,0.897743293642245,0.8092182046126198
2019-05-16,0.9584431394426849,0.7536946592871531
2019-05-17,0.9479983364246019,0.7462348335735852
2019-05-18,1.0687902141897303,0.8413184464215394
2019-05-19,1.040188058039386,0.818803717845963
2019-05-20,1.041101105979853,0.8172661911602385
2019-05-21,1.0781338131313751,0.7881954512020938
2019-05-22,1.0498077383153,0.8089039041311368
2019-05-23,1.062813121392981,0.8197337906993314
2019-05-24,1.071485065866345,0.8264223474858414
2019-05-25,1.1540727113833735,0.8901211129243743
2019-05-26,1.1717117010006348,0.9037258337657135
2019-05-27,1.1602928253847222,0.8949186050951755
2019-05-28,1.1522459719618194,0.8887121728195628
2019-05-29,1.107003049917457,0.853816901728883
2019-05-30,1.1409376778829492,0.8799902342350395
2019-05-31,1.1395424793362692,0.8789141359347576
2019-06-01,1.138972708096601,0.8972786649605975
2019-06-02,1.138972708096601,0.84247873235079
2019-06-03,1.138972708096601,0.7910387380354594
2019-06-04,1.1211939308463845,0.8029909258765007
2019-06-05,1.1206333338809613,0.8027643208418599
2019-06-06,1.0882782241095923,0.8255404820723944
2019-06-07,1.1004305453262304,0.8163220369236914
2019-06-08,1.1372378998072525,0.78901758348832
2019-06-09,1.09104880677159,0.8210636545669328
2019-06-10,1.1009517443854178,0.8136112453825837
2019-06-11,1.0706573898316525,0.8359989909511324
2019-06-12,1.0701220611367368,0.8447292480751848
2019-06-13,1.0701220611367368,0.8922370286657871
2019-06-14,1.0873786432699493,0.9070711895601725
2019-06-15,1.1065851431030118,0.9230928971398553
2019-06-16,1.0653877228742368,0.9565359316308254
2019-06-17,1.0648550290127998,0.9320497592985484
2019-06-18,1.0868067070338854,0.951729720027024
2019-06-19,1.1165317915361828,0.977760334457405
2019-06-20,1.1159735256404146,1.04112295072027
2019-06-21,1.1767043335166345,1.098300983401707
2019-06-22,1.193602181472624,1.1140729343487827
2019-06-23,1.210725630431076,1.130055454591648
2019-06-24,1.2964701180543305,1.2100868204968407
2019-06-25,1.4311995521389924,1.335839285014511
2019-06-26,1.2296053525909934,1.1476772282385748
2019-06-27,1.3642480253191633,1.2733487122750469
2019-06-28,1.3149924865083005,1.2273750507756633
2019-06-29,1.1894001614681649,1.1101508932958881
2019-06-30,1.1636684397037054,1.0861336661016403
2019-07-01,1.138474882097367,1.1085624531393112
2019-07-02,1.2595550260902868,1.227569885002705
2019-07-03,1.181016834042549,1.1510260918509077
2019-07-04,1.156062438556614,1.1267053882989013
2019-07-05,1.1802916433600577,1.150319316661042
2019-07-06,1.2058060769141792,1.1751858366741952
2019-07-07,1.293745627806889,1.2608922505588198
2019-07-08,1.324057508286648,1.2904343911275051
2019-07-09,1.28011467554574,1.2476074427075616
2019-07-10,1.1960987846772029,1.1657250514221038
2019-07-11,1.2442562997950133,1.2126596545721442
2019-07-12,1.1996492573805075,1.1691853634194522
2019-07-13,1.3181073047512784,1.0525662544112055
2019-07-14,1.3174482510989027,1.1181492191647517
2019-07-15,1.4881891881486473,0.9726783081453628
2019-07-16,1.520642845917076,0.9948626503889211
2019-07-17,1.5198825244941176,1.0946875300983292
2019-07-18,1.538465797286857,1.080755680184426
2019-07-19,1.503928367436076,1.1050178532896258
2019-07-20,1.5273989805963273,1.0877727190589659
2019-07-21,1.5642900794333885,1.0614998647485643
2019-07-22,1.6311893524272192,1.0161031891777195
2019-07-23,1.6458263784930756,1.0069854685136754
2019-07-24,1.6609401992843353,1.0172397221687965
2019-07-25,1.666239850078006,1.0129767212185787
2019-07-26,1.7325203889026912,0.9726820164099719
2019-07-27,1.7187769993489423,0.9803979128283193
2019-07-28,1.724843067085886,0.9769378012777066
2019-07-29,1.7088472774806074,0.9859976930585185
2019-07-30,1.623790368193134,1.0350751720359155
2019-07-31,1.672727314344721,1.0673048022126905
2019-08-01,1.6917883045482414,1.0794669078976304
2019-08-02,1.6909424103959674,1.1106200388806522
2019-08-03,1.7132941563929622,1.125856095479995
2019-08-04,1.8437754366348278,1.2115991911172417
2019-08-05,1.8930772971171992,1.1779898860590585
2019-08-06,1.9676780303611663,1.2255890703611123
2019-08-07,1.9616836248762113,1.2280971601408044
2019-08-08,1.978645840863996,1.217478093426819
2019-08-09,1.8917846006848136,1.1652490906483266
2019-08-10,1.8908387083844713,1.182650272662682
2019-08-11,1.866763488150674,1.1681834304113563
2019-08-12,1.8658301064065987,1.1182251884775585
2019-08-13,2.0094475054990077,1.0315936126845888
2019-08-14,1.9575022387781456,1.0582608459473615
2019-08-15,1.9455818751276983,1.0647052084981785
2019-08-16,1.972323792761241,1.050070892999226
2019-08-17,1.9713376308648605,1.061777383254057
2019-08-18,1.9713376308648605,1.12030071420174
2019-08-19,1.9427538605831145,1.104616859594978
2019-08-20,1.941782483652823,1.0404551624204852
2019-08-21,1.941782483652823,1.0397373626601594
2019-08-22,1.941782483652823,1.0681561997223197
2019-08-23,1.941782483652823,1.0427038741242594
2019-08-24,1.941782483652823,1.0405031694136708
2019-08-25,1.941782483652823,1.0643441037039236
2019-08-26,1.941782483652823,1.0453249156394844
2019-08-27,1.941782483652823,1.0010840159463383
2019-08-28,1.8921949511976777,0.9760197552284765
2019-08-29,1.9096986062656731,0.9850483773185287
2019-08-30,1.9087437569625403,0.9883828087658953
2019-08-31,1.9330208492838148,1.001448127441628
2019-09-01,2.0496581559518856,1.0618749005909458
2019-09-02,2.04863332687391,1.090280407945186
2019-09-03,2.04863332687391,1.087299364092752
2019-09-04,2.04863332687391,1.0853535274065294
2019-09-05,2.04863332687391,1.0625462969319708
2019-09-06,2.04863332687391,1.0793724974851437
2019-09-07,2.04863332687391,1.071574919022023
2019-09-08,2.04863332687391,1.0606653047647279
2019-09-09,2.04863332687391,1.0381897134142852
2019-09-10,2.04863332687391,1.0445933852777674
2019-09-11,2.04863332687391,1.068378094258673
2019-09-12,2.04863332687391,1.0632897538744586
2019-09-13,2.04863332687391,1.0630333824995755
2019-09-14,2.04863332687391,1.0619726183745701
2019-09-15,2.04863332687391,1.054694297180124
2019-09-16,2.04863332687391,1.0510487723990445
2019-09-17,2.04863332687391,1.046633231483005
2019-09-18,2.04863332687391,1.0536291232269346
2019-09-19,2.04863332687391,1.0449289331132283
2019-09-20,2.04863332687391,1.0283107962716496
2019-09-21,2.04863332687391,1.0335115872745577
2019-09-22,2.04863332687391,0.9985081751700003
2019-09-23,2.04863332687391,0.8847177704951015
2019-09-24,2.0158660153040686,0.8710093184680688
2019-09-25,1.9284510895007327,0.833239340518212
2019-09-26,1.9600128095896854,0.846876433507357
2019-09-27,1.958604133524951,0.846267776994587
2019-09-28,1.9249399533914155,0.8317222593995228
2019-09-29,1.8779608070435443,0.8511891452480133
2019-09-30,1.8667734253321684,0.8562598463194911
2019-10-01,1.87604150375118,0.8613672291435912
2019-10-02,1.9039052104688818,0.84771249684171
2019-10-03,1.889542300421533,0.8421651334328808
2019-10-04,1.8770069012206223,0.8365781316820788
2019-10-05,1.8393942948696098,0.8198142700636899
2019-10-06,1.7782691443177696,0.8462378102076086
2019-10-07,1.7819008619412315,0.844509558452923
2019-10-08,1.7810099115102611,0.8821698920383848
2019-10-09,1.7810099115102611,0.8812188725011422
2019-10-10,1.7810099115102611,0.8540513241862127
2019-10-11,1.7810099115102611,0.8555701091021548
2019-10-12,1.7810099115102611,0.8539742524163592
2019-10-13,1.7810099115102611,0.859483430722049
2019-10-14,1.7810099115102611,0.8421066029860739
2019-10-15,1.7458590741427824,0.825907449933666
2019-10-16,1.744986144605711,0.8316940966331653
2019-10-17,1.744986144605711,0.8182801509724713
2019-10-18,1.744986144605711,0.8198558126496512
2019-10-19,1.744986144605711,0.8438214248094719
2019-10-20,1.744986144605711,0.8460425750870957
2019-10-21,1.744986144605711,0.8290557164753076
2019-10-22,1.744986144605711,0.7712212207346505
2019-10-23,1.7391947108055152,0.769047225551586
2019-10-24,1.7383251134501125,0.8888366502423942
2019-10-25,1.7383251134501125,0.9487997900921773
2019-10-26,1.7951324489980514,0.9802803508178666
2019-10-27,1.739584219662008,0.9499467463135077
2019-10-28,1.7718229686617173,0.967551582211273
2019-10-29,1.7301080213633275,0.9447720133862327
2019-10-30,1.7289537795927123,0.9441417086260137
2019-10-31,1.7405156518429383,0.9504553799051936
2019-11-01,1.7524710197770885,0.9569839300849793
2019-11-02,1.7356762422376626,0.9478126901425195
2019-11-03,1.734808404116544,0.9660044340822379
2019-11-04,1.734808404116544,0.95881170364391
2019-11-05,1.734808404116544,0.9606952013953487
2019-11-06,1.734808404116544,0.9511180568132186
2019-11-07,1.734808404116544,0.9036337284906861
2019-11-08,1.734808404116544,0.9045267186979611
2019-11-09,1.734808404116544,0.9293571582986992
2019-11-10,1.734808404116544,0.8988006570243091
2019-11-11,1.734808404116544,0.9047401944714175
2019-11-12,1.735397109001007,0.9039808020134464
2019-11-13,1.7345294104465065,0.8937006907294277
2019-11-14,1.6906175738290488,0.8715223618879387
2019-11-15,1.6897722650421343,0.8775537039399701
2019-11-16,1.694305483800248,0.880346728754374
2019-11-17,1.6412344521438642,0.8527714717791534
2019-11-18,1.6208623113293616,0.8421862805634911
2019-11-19,1.585530778047824,0.8238283161682434
2019-11-20,1.5095814981733962,0.7843657158709609
2019-11-21,1.4412061889210543,0.748838486334493
2019-11-22,1.419772350581588,0.7592264880739698
2019-11-23,1.4190624644062972,0.7233187605215737
2019-11-24,1.4190624644062972,0.7333986255166883
2019-11-25,1.4190624644062972,0.7408122482576912
2019-11-26,1.4190624644062972,0.7729650572230322
2019-11-27,1.4190624644062972,0.7659290761319746
2019-11-28,1.361663933302134,0.7965265687638031
2019-11-29,1.3952814269387344,0.7768614912054489
2019-11-30,1.4220709240831324,0.7619456983779743
2019-12-01,1.4416665727598674,0.7514463484768498
2019-12-02,1.4409457394734875,0.7512572269817737
2019-12-03,1.4409457394734875,0.7442670980814936
2019-12-04,1.401226739583489,0.7644103413277165
2019-12-05,1.3826606943087512,0.774538664321172
2019-12-06,1.3809676421134554,0.7754870780508515
2019-12-07,1.3802771582923987,0.7763191324504919
2019-12-08,1.3802771582923987,0.7595448977135336
2019-12-09,1.3802771582923987,0.74694416445933
2019-12-10,1.3802771582923987,0.7407153823726935
2019-12-11,1.3802771582923987,0.7433536623071836
2019-12-12,1.3745275024480035,0.7460784851197861
2019-12-13,1.4019456457469703,0.7311962170088473
2019-12-14,1.3965092065975044,0.734031636307839
2019-12-15,1.3958109519942057,0.7114716568816919
2019-12-16,1.3958109519942057,0.6815076260461688
2019-12-17,1.3958109519942057,0.7468090132478251
2019-12-18,1.3958109519942057,0.7392187468210397
2019-12-19,1.3958109519942057,0.7408579501134175
2019-12-20,1.3958109519942057,0.7380194740017073
2019-12-21,1.3958109519942057,0.7709048155624437
2019-12-22,1.3958109519942057,0.7548987929398248
2019-12-23,1.3958109519942057,0.7515021728927258
2019-12-24,1.3958109519942057,0.746639986537997
2019-12-25,1.3958109519942057,0.7429259590850126
2019-12-26,1.3958109519942057,0.7481725020553306
2019-12-27,1.3958109519942057,0.7510360340089957
2019-12-28,1.3958109519942057,0.7617774233434053
2019-12-29,1.3958109519942057,0.7484708169096463
2019-12-30,1.3958109519942057,0.7382699321978892
2019-12-31,1.3958109519942057,0.7389447361334203
2020-01-01,1.3958109519942057,0.7169099271546493
2020-01-02,1.3958109519942057,0.7537961354470706
2020-01-03,1.3958109519942057,0.7605462794931059
2020-01-04,1.3958109519942057,0.760614080601436
2020-01-05,1.3958109519942057,0.7973450930087882
2020-01-06,1.3958109519942057,0.8378293703176263
2020-01-07,1.3807800395749978,0.8292260460889178
2020-01-08,1.346466474132864,0.8086190693197924
2020-01-09,1.3457932408957978,0.8381230748970224
2020-01-10,1.323859275517272,0.8248822651042372
2020-01-11,1.3231973458795134,0.8407852581047374
2020-01-12,1.3231973458795134,0.8358283105557349
2020-01-13,1.3231973458795134,0.9059822626688092
2020-01-14,1.3194249354937249,0.9038523156559015
2020-01-15,1.318765223025978,0.8953110798035574
2020-01-16,1.318765223025978,0.9163758268052
2020-01-17,1.3201396615978613,0.9177890765148278
2020-01-18,1.28521810148375,0.893510867670777
2020-01-19,1.2780433824010218,0.8885228508777504
2020-01-20,1.2774043607098213,0.8975800366276311
2020-01-21,1.2774043607098213,0.8909072650215527
2020-01-22,1.2774043607098213,0.8627500109494021
2020-01-23,1.2774043607098213,0.866744212827127
2020-01-24,1.2774043607098213,0.8587815664772069
2020-01-25,1.2774043607098213,0.882281741316872
2020-01-26,1.2774043607098213,0.914403430926505
2020-01-27,1.3411060656716647,0.9604601775978113
2020-01-28,1.3350931129653114,0.9561538801526954
2020-01-29,1.3626591851625205,0.9758958791458515
2020-01-30,1.3399509719569944,0.9596329339198263
2020-01-31,1.3460192023489905,0.9639788195952311
2020-02-01,1.345346192747816,0.9590003240221474
2020-02-02,1.345346192747816,0.9537822945999742
2020-02-03,1.345346192747816,0.9422305492250571
2020-02-04,1.345346192747816,0.9866134654304038
2020-02-05,1.360959975697091,0.9985571843968644
2020-02-06,1.3702115590998862,1.0053452128759357
2020-02-07,1.379887549619758,1.0124446353588232
2020-02-08,1.415073863781976,1.0382613731222767
2020-02-09,1.3786975158881933,1.0115714893783767
2020-02-10,1.4278812056864199,1.0476583160890667
2020-02-11,1.4443610965930278,1.0597498645230616
2020-02-12,1.4287405378954736,1.0482888212960215
2020-02-13,1.4424114465183464,1.0583193763941687
2020-02-14,1.4416902407950873,1.014939094760492
2020-02-15,1.4416902407950873,1.0195582895599413
2020-02-16,1.4416902407950873,0.9944870132063321
2020-02-17,1.4416902407950873,1.040860165049846
2020-02-18,1.3686702973969596,0.9886622315153777
2020-02-19,1.367985962248261,0.986105633625661
2020-02-20,1.367985962248261,0.9941071666422951
2020-02-21,1.367985962248261,0.9917200464675617
2020-02-22,1.367985962248261,1.0185404210363633
2020-02-23,1.367985962248261,0.9903851714315691
2020-02-24,1.367985962248261,0.9587273155682065
2020-02-25,1.367985962248261,0.9052390061730575
2020-02-26,1.3728896469414644,0.9015414654640794
2020-02-27,1.3722032021179937,0.8900430389208425
2020-02-28,1.3722032021179937,0.8825566540148023
2020-02-29,1.3656043720009001,0.8787537785462456
2020-03-01,1.4146014541913945,0.9102829476053276
2020-03-02,1.4262462932916753,0.9018793184370001
2020-03-03,1.4315274994333642,0.8985397755978745
2020-03-04,1.3786308810287087,0.9317418731126055
2020-03-05,1.383900829687009,0.9362352875854411
2020-03-06,1.414767351859343,0.9144172617512645
2020-03-07,1.2860327289606326,0.8321256584549982
2020-03-08,1.2853897125961524,0.8131935644971945
2020-03-09,1.2853897125961524,0.8117654817291292
2020-03-10,1.2853897125961524,0.8119400207241876
2020-03-11,0.8069735928686493,0.5101456616360881
2020-03-12,0.9032299456454501,0.5709961791845483
2020-03-13,0.8442440379514751,0.5337069727301234
2020-03-14,0.8754056071020796,0.5534064269036398
2020-03-15,0.8140666743880298,0.5146297052240325
2020-03-16,0.8483453437564081,0.5362997011439391
2020-03-17,0.8504248109896522,0.5376142809479483
2020-03-18,1.0050979983362156,0.635394253172044
2020-03-19,1.0028614543168966,0.6361727381815847
2020-03-20,0.9996402283127253,0.634765501874026
2020-03-21,0.9422950279542229,0.5983516463141397
2020-03-22,1.0370149828096187,0.6584982450387171
2020-03-23,1.0884896421548345,0.6911843425442276
2020-03-24,1.079803981446083,0.6856690005014168
2020-03-25,1.0855217395559598,0.6892997423357429
2020-03-26,1.0456590543705926,0.6639871782241072
2020-03-27,1.0088732558696416,0.6406284185564359
2020-03-28,0.957129963774836,0.6077717408788961
2020-03-29,1.0392012146139318,0.6598864890180738
2020-03-30,1.0367393015281066,0.660789902455602
2020-03-31,1.062774856916629,0.6780450590230439
2020-04-01,1.0928314986179541,0.6972210465464372
2020-04-02,1.0831416454562444,0.6910389685492048
2020-04-03,1.1047196067318938,0.7048056002412569
2020-04-04,1.0924301307398006,0.6969649758416576
2020-04-05,1.1697484291855478,0.746293664690495
2020-04-06,1.1544076147726083,0.7365063015943626
2020-04-07,1.1278879354421032,0.7526892184611836
2020-04-08,1.121837441533418,0.7494041470224682
2020-04-09,1.054762125071616,0.7045968349660882
2020-04-10,1.053777317445023,0.7039389687797186
2020-04-11,1.0709854954382194,0.7154342883985532
2020-04-12,1.0516194875106117,0.7024975061920495
2020-04-13,1.0512185279764756,0.702229659241551
2020-04-14,1.0204432146296278,0.6816712908058183
2020-04-15,1.0933716401000313,0.7303885669992706
2020-04-16,1.090203797225001,0.7282724006994381
2020-04-17,1.1150124276184985,0.744844935908659
2020-04-18,1.1243813255094461,0.7378415274121428
2020-04-19,1.0751711257773329,0.7062866510592151
2020-04-20,1.0749156494061352,0.7061188270298007
2020-04-21,1.1119241747111328,0.7304299592501802
2020-04-22,1.1607488445348002,0.7625031908614722
2020-04-23,1.1406566786810866,0.7749393573457157
2020-04-24,1.1377811836302967,0.7768929112312604
2020-04-25,1.1372122930384816,0.788175005635058
2020-04-26,1.1195061511137518,0.8000526272904415
2020-04-27,1.1178607663038287,0.8012284979533879
2020-04-28,0.9755369111048253,0.9032393495383152
2020-04-29,0.9587679228177634,0.8886163592799264
2020-04-30,0.9816020255332122,0.9097797260755036
2020-05-01,0.9669086292808561,0.9224882495617976
2020-05-02,0.9767113142519662,0.9131359059936874
2020-05-03,0.9774015821497419,0.9146943793632862
2020-05-04,0.9873170073171397,0.9239736600962557
2020-05-05,1.0164539167250803,0.9512412313322695
2020-05-06,1.091328088822482,1.0213116973799499
2020-05-07,1.0793908319339243,1.0101402996859092
2020-05-08,1.0521096511167065,0.9846093989674781
2020-05-09,0.960269398987016,0.8986613465430398
2020-05-10,0.9433114581152127,0.8827913771422361
2020-05-11,0.9428398023861551,0.9035923362397767
2020-05-12,0.9922181473896304,0.9513670116588832
2020-05-13,1.0418542091575598,0.9989594809952932
2020-05-14,0.9984486823086831,0.9573410259445215
2020-05-15,1.003673772978128,0.9623509916551007
2020-05-16,1.0351128512789654,0.992495675111119
2020-05-17,1.041089281304495,0.9982260463895872
2020-05-18,1.0413528981459037,0.9984788097232289
2020-05-19,1.0192975132248387,0.9773314786665028
2020-05-20,0.9720713191328327,0.9320496590751797
2020-05-21,0.9715852834732663,0.9423962184520629
2020-05-22,0.973925604301585,0.9451374277853039
2020-05-23,0.9296229474160675,0.902144309021515
2020-05-24,0.9291581359423595,0.9141073710979648
2020-05-25,0.9211949509106242,0.9067302296628484
2020-05-26,0.920734353435169,0.9422361617336545
2020-05-27,0.8857017964094605,0.97761571213764
2020-05-28,0.876761543513713,0.9687252980718114
2020-05-29,0.8516146211603229,0.9955411625890609
2020-05-30,0.8297496131387525,0.9709764151364132
2020-05-31,0.7669841471281144,1.0434538455856555
2020-06-01,0.7181289840489626,0.9780316391140924
2020-06-02,0.7078471043803064,0.9910566679959614
2020-06-03,0.6972977012502761,1.0058268863816775
2020-06-04,0.7069100737501068,0.9919613843372711
2020-06-05,0.7065566187132318,0.9907448730986735
2020-06-06,0.6985056979726012,1.001538629142769
2020-06-07,0.6976012043330857,1.002835519522358
2020-06-08,0.6972524037309192,1.005320257257348
2020-06-09,0.6972524037309192,1.012955273417865
2020-06-10,0.6581693073823411,0.9566825584179448
2020-06-11,0.6462804459306325,0.9730069405684435
2020-06-12,0.6466598910104525,0.9724356673718703
2020-06-13,0.6526990233478687,0.9633541273436094
2020-06-14,0.6482548358590257,0.9699135463206835
2020-06-15,0.6422651136055387,0.9788753194243999
2020-06-16,0.646155159692705,0.9729465058776482
2020-06-17,0.6508181249849209,0.96592525762166
2020-06-18,0.6593802943080067,0.9532175359223087
2020-06-19,0.6618674654961417,0.9577662736941809
2020-06-20,0.6632418326475579,0.9548197066802769
2020-06-21,0.6629102117312341,0.990235638166781
2020-06-22,0.663888234639758,0.9882795786970408
2020-06-23,0.68567721674168,0.955843989499396
2020-06-24,0.6853343781333092,0.9508360282561733
2020-06-25,0.6925290990047702,0.9403786218344813
2020-06-26,0.6921828344552678,0.9283169399640968
2020-06-27,0.6921828344552678,0.9383941991516481
2020-06-28,0.6921828344552678,0.943245711717704
2020-06-29,0.6958178422890114,0.937820620817615
2020-06-30,0.695469933367867,0.947091282340952
2020-07-01,0.7030288611684581,0.936323985265961
2020-07-02,0.7058111402389106,0.9326184266875572
2020-07-03,0.7023016533649233,0.9372556616932143
2020-07-04,0.7068039182465339,0.9312471705690458
2020-07-05,0.6833164251348663,0.9621930396274161
2020-07-06,0.692295460185432,0.9495494608834695
2020-07-07,0.6791222129467148,0.9676178298574015
2020-07-08,0.6787826518402414,0.9521860370207065
2020-07-09,0.6783818169545164,0.9522722291170315
2020-07-10,0.6780426260460392,0.9483250319988141
2020-07-11,0.6780426260460392,0.9520354012988733
2020-07-12,0.6780426260460392,0.9486603793875394
2020-07-13,0.6777329744041478,0.9486192878067332
2020-07-14,0.6814267245189239,0.9434491651543779
2020-07-15,0.6859194451303612,0.9372289020540061
2020-07-16,0.6844799635905701,0.939195785647471
2020-07-17,0.683907970449704,0.9399806348408684
2020-07-18,0.6819084990269356,0.9427287595864888
2020-07-19,0.6835109295594929,0.9405134222641987
2020-07-20,0.6677992083841546,0.9621328053833562
2020-07-21,0.6674653087799626,0.977575923460615
2020-07-22,0.6674653087799626,0.9832932657012667
2020-07-23,0.6674653087799626,0.9787591605410962
2020-07-24,0.6674653087799626,0.9931498330328786
2020-07-25,0.6674653087799626,1.016554695449747
2020-07-26,0.5939706564148967,1.127979327527258
2020-07-27,0.58915870475501,1.1199691753009913
2020-07-28,0.5784390411816129,1.1392268949808417
2020-07-29,0.5778790683685687,1.1403297529203316
2020-07-30,0.5775901288343844,1.1621130012458745
2020-07-31,0.5550553146391235,1.2068720557506492
2020-08-01,0.554777786981804,1.1344183782395802
2020-08-02,0.554777786981804,1.1541984621125077
2020-08-03,0.554777786981804,1.1500465086538343
2020-08-04,0.554777786981804,1.2055819805600716
2020-08-05,0.554777786981804,1.208943171646646
2020-08-06,0.554777786981804,1.190644389150096
2020-08-07,0.554777786981804,1.2063027870214318
2020-08-08,0.554777786981804,1.1982662760494285
2020-08-09,0.554777786981804,1.2190354643393704
2020-08-10,0.554777786981804,1.1710477140402789
2020-08-11,0.554777786981804,1.1889471064160666
2020-08-12,0.554777786981804,1.2093910698774328
2020-08-13,0.554777786981804,1.207824277968305
2020-08-14,0.554777786981804,1.2177615251110119
2020-08-15,0.554777786981804,1.2205433249082198
2020-08-16,0.554777786981804,1.257653732874454
2020-08-17,0.5425862891022255,1.230645038597519
2020-08-18,0.5320456234492063,1.2067376562144019
2020-08-19,0.5317796006374816,1.2190622239785778
2020-08-20,0.544312320525466,1.1897224343895207
2020-08-21,0.5440401643652033,1.1988908680776817
2020-08-22,0.5445588138049191,1.1971484848281335
2020-08-23,0.539435363590665,1.208411787350465
2020-08-24,0.5581483860916769,1.1664919606326591
2020-08-25,0.5578693118986311,1.1790361177957285
2020-08-26,0.5656010369347136,1.1621058853867587
2020-08-27,0.5546569166990437,1.1845921004141904
2020-08-28,0.556369290034877,1.1809349497224437
2020-08-29,0.546474696075141,1.201936956895831
2020-08-30,0.5479065251758362,1.1987877382321954
2020-08-31,0.5343196695169866,1.2285149913612439
2020-09-01,0.5089476498929829,1.1714078166008557
2020-09-02,0.5086931760680364,1.051461792897829
2020-09-03,0.49520591117828777,1.0788140528796504
2020-09-04,0.49495830822269865,1.0436897713935023
2020-09-05,0.49495830822269865,1.0550594109090907
2020-09-06,0.49495830822269865,1.0642151162295383
2020-09-07,0.49495830822269865,1.0397846680897693
2020-09-08,0.49495830822269865,1.0511591183270133
2020-09-09,0.49495830822269865,1.0635557466926517
2020-09-10,0.49495830822269865,1.0674326872300275
2020-09-11,0.4927475469646731,1.0716667236269453
2020-09-12,0.49833534289229037,1.0595139387152124
2020-09-13,0.49808617522084425,1.0961608136052798
2020-09-14,0.49242234906636245,1.108077372039061
2020-09-15,0.48430630081140097,1.126340575240035
2020-09-16,0.4854498930694699,1.1236809477281995
2020-09-17,0.4852071681229352,1.1232289403393318
2020-09-18,0.4852071681229352,1.1385986949113465
2020-09-19,0.4852071681229352,1.1225808960430086
2020-09-20,0.4852071681229352,1.0737284185263674
2020-09-21,0.4852071681229352,1.0815487476939833
2020-09-22,0.4852071681229352,1.0515530963859132
2020-09-23,0.4852071681229352,1.104291935436505
2020-09-24,0.4852071681229352,1.0973799306514407
2020-09-25,0.4852071681229352,1.1033330984765723
2020-09-26,0.48385674647223287,1.1058522128267245
2020-09-27,0.48361481809899676,1.0991180042961723
2020-09-28,0.48361481809899676,1.112971679983176
2020-09-29,0.48361481809899676,1.1067986220890473
2020-09-30,0.48361481809899676,1.089860872927491
2020-10-01,0.485352998155515,1.085398828368783
2020-10-02,0.4851103216564373,1.082664233777818
2020-10-03,0.4793378971949405,1.0950057392911556
2020-10-04,0.47377804153250797,1.107706746024863
2020-10-05,0.4735411525117417,1.0883167314994904
2020-10-06,0.4704213350266559,1.094942698792797
2020-10-07,0.4701861243591426,1.1202629299920708
2020-10-08,0.4701861243591426,1.1355312585158517
2020-10-09,0.4701861243591426,1.159331201448666
2020-10-10,0.4736063581030893,1.1683440884699703
2020-10-11,0.4733695549240378,1.1859122426151136
2020-10-12,0.46782933691290124,1.172625530519867
2020-10-13,0.46759542224444484,1.1729957556405934
2020-10-14,0.46759542224444484,1.179753115769112
2020-10-15,0.46759542224444484,1.161975093891754
2020-10-16,0.46759542224444484,1.165667523208973
2020-10-17,0.46759542224444484,1.1785225732590197
2020-10-18,0.46759542224444484,1.2050703402673513
2020-10-19,0.4743025732578498,1.2229583071792078
2020-10-20,0.5104177522883445,1.316078945145042
2020-10-21,0.5160777849366207,1.330672970850131
2020-10-22,0.5147104603583258,1.3271474134403318
2020-10-23,0.5217365737498199,1.3452637894074497
2020-10-24,0.5186761952824273,1.337372802765521
2020-10-25,0.5204304691792235,1.341896083801967
2020-10-26,0.5434750793914468,1.4013151109878559
2020-10-27,0.5282332798366437,1.3620151231048612
2020-10-28,0.5279691631967254,1.379112828761458
2020-10-29,0.5279691631967254,1.3902623777613141
2020-10-30,0.5279691631967254,1.4143260083748623
2020-10-31,0.5260238545610968,1.4098220704484057
2020-11-01,0.5326439216854912,1.390669485081398
2020-11-02,0.5323775997246485,1.4317016334304233
2020-11-03,0.5391106420295904,1.4505243836939357
2020-11-04,0.5942717066788205,1.5989400577066073
2020-11-05,0.5937389253434662,1.5975065628766798
2020-11-06,0.5658129586544935,1.5223693044688664
2020-11-07,0.5655300521751664,1.5886483205119215
2020-11-08,0.55986758869406,1.573536039771836
2020-11-09,0.559587654899713,1.5692858674126993
2020-11-10,0.5743282799425582,1.6114085462269725
2020-11-11,0.574041115802587,1.6704204660927775
2020-11-12,0.574041115802587,1.6746759502904085
2020-11-13,0.574041115802587,1.6490526436268476
2020-11-14,0.5697331705207603,1.637501700038873
2020-11-15,0.5968895142589196,1.7155532535361522
2020-11-16,0.6300722553661761,1.8109256099067952
2020-11-17,0.6357354411360758,1.8272024861809473
2020-11-18,0.6362026367011726,1.8285452788629977
2020-11-19,0.6649194373387259,1.9110818280702155
2020-11-20,0.6656663644177209,1.9132286126089169
2020-11-21,0.6559457117450342,1.8852899457019816
2020-11-22,0.6557357213216118,1.8846864005809705
2020-11-23,0.6822786224279466,1.9609748245915626
2020-11-24,0.6688760586246849,1.9224537727232638
2020-11-25,0.6124048146570527,1.7601466388139204
2020-11-26,0.610897221504239,1.7558135817295966
2020-11-27,0.6326434698898347,1.81831568015636
2020-11-28,0.649071402197933,1.8655321114167098
2020-11-29,0.700788326286745,2.014174590910758
2020-11-30,0.6714068930569581,1.9297277843128933
2020-12-01,0.6565205781387783,1.9705836397579235
2020-12-02,0.6561923178497089,1.995656519685418
2020-12-03,0.6307025606905337,1.919133172100656
2020-12-04,0.6460306747666665,1.9657743212297198
2020-12-05,0.6524690017710627,1.9853651833842036
2020-12-06,0.6472921088729036,1.9696126757704848
2020-12-07,0.6469684628184671,1.8802757706099538
2020-12-08,0.6384251968383141,1.9041648121167598
2020-12-09,0.638105984239895,1.8745129269603116
2020-12-10,0.638105984239895,1.8533623887558153
2020-12-11,0.6641025188521485,1.9297953348628036
2020-12-12,0.6637704675927225,1.964558411331329
2020-12-13,0.6637704675927225,1.9752586589732486
2020-12-14,0.6637704675927225,1.9927498415719063
2020-12-15,0.7281683918294677,2.1870795441801087
2020-12-16,0.7792366261358079,2.3404647938861283
2020-12-17,0.7906081320591737,2.374619514511987
2020-12-18,0.8156156614564599,2.4497305143974315
2020-12-19,0.8022029397544408,2.4094449299152965
2020-12-20,0.7791655513040461,2.340251318112672
2020-12-21,0.8126496720217289,2.440822060125396
2020-12-22,0.7941407180400623,2.385229761569605
2020-12-23,0.8110409782943884,2.4359902915628004
2020-12-24,0.842778860469462,2.5313161442907752
2020-12-25,0.903335284499809,2.7131995077429005
2020-12-26,0.8977061578242762,2.6962922264851614
2020-12-27,0.9254691883751889,2.7796794716384343
2020-12-28,0.9349555762020524,2.808172173322678
2020-12-29,0.9854754331444615,2.9599103522019456
2020-12-30,0.9909687501649377,2.9764097243526577
2020-12-31,1.0036944818968574,3.0146319101381174
2021-01-01,1.0977665264764285,3.2971806264621883
2021-01-02,1.1201390816178929,3.36437738788437
2021-01-03,1.0924582042293265,3.2812368926626694
2021-01-04,1.1614978265362619,3.4885998424689024
2021-01-05,1.2582630399756887,3.779237586809714
2021-01-06,1.3452813246087234,4.040600085410344
2021-01-07,1.3940261126542315,4.187006782015067
2021-01-08,1.3754700423991153,4.131272968063914
2021-01-09,1.438951524235635,3.9364728169671657
2021-01-10,1.33285308252674,3.6501607131814593
2021-01-11,1.3931173711209872,3.4814703529756694
2021-01-12,1.5310812609145967,3.8297305204108314
2021-01-13,1.4527847812906,4.021745664562602
2021-01-14,1.3637674426551323,3.779340616431834
2021-01-15,1.3863726558736857,3.7129165771755437
2021-01-16,1.4011975381208388,3.673213290460442
2021-01-17,1.3683593662683695,3.759297947335219
2021-01-18,1.3892888914487551,3.7017981976430803
2021-01-19,1.4093967014121356,3.648220388780468
2021-01-20,1.5966165056189938,3.1636023204916737
2021-01-21,1.7079361848989323,3.387339363238844
2021-01-22,1.6593917022818407,3.291061388516581
2021-01-23,1.6708658049412008,3.313817905967023
2021-01-24,1.6748510011638509,3.3217217212000327
2021-01-25,1.68537921222909,3.342602257651622
2021-01-26,1.5747810473017594,3.1232535952878124
2021-01-27,1.7317570078075277,3.4345830552552408
2021-01-28,1.6860256767301254,3.5218471407225214
2021-01-29,1.6883281538566042,3.517037621747582
2021-01-30,1.7452386624780336,3.3984846026338835
2021-01-31,1.7229548087890318,3.4418777128586413
2021-02-01,1.6215871492583256,3.6443758203908985
2021-02-02,1.7095517361523367,3.8457129404303294
2021-02-03,1.6846410541100412,3.789675249227947
2021-02-04,1.7402197009210092,3.9147018961158655
2021-02-05,1.7913940424852839,4.029820861754584
2021-02-06,1.7748528591726842,3.992610731537369
2021-02-07,2.107575184811998,4.741084454924681
2021-02-08,2.0924817346285596,4.770296760389871
2021-02-09,2.16284119452324,4.609896075383197
2021-02-10,2.3047041919082396,4.916873836719887
2021-02-11,2.285246441354233,4.875362520449315
2021-02-12,2.266036171243693,4.8343791808804175
2021-02-13,2.343571399566009,4.999793439638912
2021-02-14,2.306422837417689,4.9205404084082085
2021-02-15,2.3667862678016167,5.049320219974245
2021-02-16,2.508656076251048,5.3519863720273255
2021-02-17,2.5287190647521016,5.3038318500441815
2021-02-18,2.732106389470903,5.735728017031545
2021-02-19,2.742440086015816,5.757422367229832
2021-02-20,2.8128556873692316,5.905251433870655
2021-02-21,2.6499394187803835,5.563228367061658
2021-02-22,2.3867951732566395,5.010788744875693
2021-02-23,2.4298585119840976,5.101195033370862
2021-02-24,2.302195587574239,4.833182112975177
2021-02-25,2.2653317029414053,4.755790831025095
2021-02-26,2.2579349416798844,4.740262222415086
2021-02-27,2.2065719918846716,4.632431900977698
2021-02-28,2.426236610064716,5.093591286901105
2021-03-01,2.4850271421376138,4.965074060558756
2021-03-02,2.5934539954300972,5.18667554378442
2021-03-03,2.6923173948973553,4.983770930272287
2021-03-04,2.6720181249655526,5.02134707622878
2021-03-05,2.6728330384522674,5.019815663168493
2021-03-06,2.547459800487406,5.255277637270173
2021-03-07,2.495729641281197,5.361994276644346
2021-03-08,2.3726022693183215,5.626529446176681
2021-03-09,2.421487944911959,5.748086360070677
2021-03-10,2.4991613232305037,5.932466087168459
2021-03-11,2.478710169728687,5.883919491370404
2021-03-12,2.647799170631453,6.285300048217448
2021-03-13,2.5638914465746545,6.086121338627385
2021-03-14,2.4171060856535345,5.73768477806486
2021-03-15,2.375877454095863,5.82981490848653
2021-03-16,2.459912151364981,6.041845060085398
2021-03-17,2.4176270144772265,5.9379875929483905
2021-03-18,2.4380067643726897,5.98804275087887
2021-03-19,2.4366275375118573,5.984655201046559
2021-03-20,2.4036081935750766,5.903555654487142
2021-03-21,2.2784927306439395,5.596256777479957
2021-03-22,2.287259227149081,5.617788364928905
2021-03-23,2.3670658357882637,5.4161557864011405
2021-03-24,2.3167017004381933,5.306332222624552
2021-03-25,2.470530519020552,5.658672282916925
2021-03-26,2.4305925169068106,5.7444903456333
2021-03-27,2.4315810908959814,5.742153938482684
2021-03-28,2.35337809096865,5.92682952496227
2021-03-29,2.398601181402616,6.046647763871326
2021-03-30,2.398647617445971,6.0467648247649395
2021-03-31,2.4058525194331533,6.064927704374726
2021-04-01,2.4175978168786862,6.0945364934830115
2021-04-02,2.345114969862093,5.911814059995499
2021-04-03,2.295762266537507,6.030315764744874
2021-04-04,2.2840673354671,6.061035028768603
2021-04-05,2.248309243562022,5.972207859656804
2021-04-06,2.32887378580229,5.752231197670235
2021-04-07,2.421073452389855,5.985713158917266
2021-04-08,2.417796207838326,5.977610700969237
2021-04-09,2.4820644798815157,6.136503625630429
2021-04-10,2.4991557374870186,6.178759000183695
2021-04-11,2.4862246395081558,6.146788948529573
2021-04-12,2.636078758650488,6.517279059840651
2021-04-13,2.619733398078137,6.476867795255269
2021-04-14,2.6282147337996618,6.497836528270541
2021-04-15,2.555935203317363,6.319137060767317
2021-04-16,2.5190334069659315,6.227903328147428
2021-04-17,2.701969509487524,5.769395451643064
2021-04-18,2.675624039694618,5.718910535911372
2021-04-19,2.7115763359497014,5.7957554000601
2021-04-20,2.5883235652219576,5.532313467023943
2021-04-21,2.4853873192451092,5.312296314796775
2021-04-22,2.4532831963496466,5.243676581998288
2021-04-23,2.4032134286998517,5.136656867159827
2021-04-24,2.3529598520188912,5.029244276719513
2021-04-25,2.593877223806467,5.5441839227085286
2021-04-26,2.642438256918816,5.647978850464017
2021-04-27,2.649802907487223,5.626589580197374
2021-04-28,2.7111652682173357,5.4962927877360155
2021-04-29,2.920824471924587,5.926827119601443
2021-04-30,2.9139649718958514,5.934819331844871
2021-05-01,2.850735358280987,5.811975549908069
2021-05-02,2.879388898620707,5.870393345649438
2021-05-03,2.684741499219497,5.473553308258105
2021-05-04,2.8906504150241696,5.893352915643084
2021-05-05,2.8389277848669545,5.787902698744683
2021-05-06,2.8872472430105023,5.886414652335651
2021-05-07,2.96010623185201,6.034956908461879
2021-05-08,2.9313396260527735,5.976308598974525
2021-05-09,2.8119100559319663,5.7328199357908876
2021-05-10,2.8544350567519614,5.819518360570194
2021-05-11,2.474174483118312,5.0442569354319895
2021-05-12,2.4432259033104646,5.102309517221023
2021-05-13,2.435149482014108,5.119175907344692
2021-05-14,2.280380101252921,4.798938594445434
2021-05-15,2.292931344870634,4.767726231452031
2021-05-16,2.1465877167225256,4.46819947617254
2021-05-17,2.115619206674382,4.403737409564691
2021-05-18,1.8243804727405697,3.797513518378405
2021-05-19,2.010765466211495,4.1854805805699105
2021-05-20,1.8392827055914187,3.8285330516121228
2021-05-21,1.8507184205415954,3.852336903256282
2021-05-22,1.71434014818606,3.568460628202069
2021-05-23,1.9083723198204443,3.9723455665641962
2021-05-24,1.8933957452889654,3.9411712884505645
2021-05-25,1.9373740494473606,4.03271370904334
2021-05-26,1.8951088780589238,3.944737235877595
2021-05-27,1.7600464149315342,3.663599865019163
2021-05-28,1.706721859276732,3.5526028860521395
2021-05-29,1.7590861361242254,3.6616010101713634
2021-05-30,1.8406713157399741,3.8314234935400466
2021-05-31,1.8087255785220986,3.7649272934589257
2021-06-01,1.852618948273349,3.8562929200308664
2021-06-02,1.9331618036000575,4.023945767932986
2021-06-03,2.0453365733325883,3.7864260076432283
2021-06-04,1.9688691016977615,3.648652151049037
2021-06-05,1.986060280164853,3.6805103534246717
2021-06-06,1.8585935802880806,3.4442926951296298
2021-06-07,1.8537160257894458,3.4352537500326923
2021-06-08,2.0681746142980324,3.8326822990398637
2021-06-09,2.0325916352204416,3.7667409355229937
2021-06-10,1.9955698857299105,3.8315818464612015
2021-06-11,2.0908137313345865,3.6487094788154297
2021-06-12,2.2972216205639167,4.01256360049642
2021-06-13,2.363064254218346,4.127571117750122
2021-06-14,2.374098159268356,4.1468440713818815
2021-06-15,2.2531080337468166,3.9355102717426256
2021-06-16,2.26810316280955,3.9053827264825043
2021-06-17,2.4031789373016035,3.672799568398082
2021-06-18,2.389267614113661,3.6552115700261103
2021-06-19,2.3947970941926475,3.6636708231635775
2021-06-20,2.125010430505665,3.2509387672305206
2021-06-21,2.1806211304583765,3.3360145756848225
2021-06-22,2.262287418724138,3.460951422435175
2021-06-23,2.3253071398139156,3.557361892449696
2021-06-24,2.122399905860063,3.246945066469635
2021-06-25,2.1591955416133892,3.3032367236860734
2021-06-26,2.324448931802036,3.5560489663312564
2021-06-27,2.323286707336135,3.533952119087805
2021-06-28,2.323286707336135,3.6810643882019796
2021-06-29,2.2685610541896706,3.596196443012536
2021-06-30,2.2674267736625757,3.445463704959237
2021-07-01,2.2674267736625757,3.4788108256872032
2021-07-02,2.317899908575289,3.5579888898387777
2021-07-03,2.3167409586210015,3.62154012647988
2021-07-04,2.4168045577530424,3.4633094778332416
2021-07-05,2.415596155474166,3.5135145699219796
2021-07-06,2.415596155474166,3.4745292834139394
2021-07-07,2.415596155474166,3.374162796624833
2021-07-08,2.4820305039653223,3.4686469735098564
2021-07-09,2.4807894887133397,3.4401683030971073
2021-07-10,2.4807894887133397,3.5140269117782754
2021-07-11,2.4807894887133397,3.402742492192344
2021-07-12,2.4807894887133397,3.3561672900393056
2021-07-13,2.4807894887133397,3.3685158111883906
2021-07-14,2.400821240706448,3.2616159634978428
2021-07-15,2.3736867367197583,3.2247526061332845
2021-07-16,2.382112027798635,3.2361987160785195
2021-07-17,2.380920971784736,3.263266241472365
2021-07-18,2.380920971784736,3.1627949210405184
2021-07-19,2.30166261094626,3.059090194316068
2021-07-20,2.4795222697829264,3.2954796354635527
2021-07-21,2.478282508648035,3.316252932911575
2021-07-22,2.478282508648035,3.446431862692377
2021-07-23,2.5295066229999446,3.5193900646370513
2021-07-24,2.6075286434282288,3.6279448005770405
2021-07-25,2.458328796480355,3.83190376391864
2021-07-26,2.457099632082115,4.044284296411406
2021-07-27,2.492594188633774,4.104729009543564
2021-07-28,2.4933741778143443,4.106013472225543
2021-07-29,2.632171353646833,4.334580479514688
2021-07-30,2.594195812999535,4.272043503355923
2021-07-31,2.49128471241583,4.102572603561551
2021-08-01,2.443113564130741,4.023245807932132
2021-08-02,2.506043232902612,3.9155918796221076
2021-08-03,2.608271986824664,4.079235792811433
2021-08-04,2.5320335913606034,4.194390437969096
2021-08-05,2.650122664837479,4.394202960137251
2021-08-06,2.757776499722632,4.5727051880526055
2021-08-07,2.7108797551364936,4.494945084108947
2021-08-08,2.869781593906102,4.758422295770576
2021-08-09,2.8214806089463114,4.678333802545726
2021-08-10,2.822013243509527,4.679216970862955
2021-08-11,2.7498841755977788,4.559618822469631
2021-08-12,2.9581624230844112,4.9049677015163615
2021-08-13,2.9150603673179147,4.833499620604433
2021-08-14,2.9119692493466425,4.828374197574126
2021-08-15,2.9735839144158733,4.721381743491713
2021-08-16,3.0582016010359006,4.587027909101006
2021-08-17,3.050960497130813,4.5978889150249085
2021-08-18,2.920454311464488,4.794565648460717
2021-08-19,2.7565704697628695,5.063616882947016
2021-08-20,2.729584078490016,5.019108487085158
2021-08-21,2.7528114111635484,5.061818474834856
2021-08-22,2.7653413119124015,5.0848582235227555
2021-08-23,2.6626428259291073,4.896018155663518
2021-08-24,2.589952621360234,5.024783535064589
2021-08-25,2.6967319762759736,4.817620230207054
2021-08-26,2.575146409245923,5.034828722774439
2021-08-27,2.5833489732324475,5.018791380349376
2021-08-28,2.5871826180698982,5.011343581439947
2021-08-29,2.681220521027119,4.82919322293595
2021-08-30,2.684904209877351,4.840657172640657
2021-08-31,2.780555436614633,5.013108314500519
2021-09-01,2.807918411133451,5.062441463289224
2021-09-02,2.806514451927885,5.13404063636626
2021-09-03,2.806514451927885,5.125753366527971
2021-09-04,2.806514451927885,5.311386687510444
2021-09-05,2.8528391323304856,5.401712797311356
2021-09-06,2.8514127127643203,4.8041666462043855
2021-09-07,2.8938285230081795,4.730300821440735
2021-09-08,2.9097720299890577,4.761092647182766
2021-09-09,3.001416709122881,4.60637863606619
2021-09-10,2.98018213991452,4.638968068133439
2021-09-11,3.034022210685467,4.727414789340994
2021-09-12,2.961556294822667,4.614503143155139
2021-09-13,3.101813412451653,4.833042602047172
2021-09-14,3.1732030814617844,4.944277310842664
2021-09-15,3.147318354086045,4.903945423164596
2021-09-16,3.1133418352887365,4.851005435814789
2021-09-17,3.1799224844750027,4.954747044738598
2021-09-18,3.1783325232327653,4.850256165916968
2021-09-19,2.8797315098504095,4.39700480460802
2021-09-20,2.735211588655022,4.176340209424735
2021-09-21,2.538842231082577,4.471996338239023
2021-09-22,2.613246753987783,4.607526794967935
2021-09-23,2.49360940221862,4.3965890780783035
2021-09-24,2.486440742668973,4.3839497087158055
2021-09-25,2.515075817724905,4.434437430701795
2021-09-26,2.513818279816043,4.3345993215078344
2021-09-27,2.513818279816043,4.211322975515522
2021-09-28,2.5450187075982167,4.265697760599037
2021-09-29,2.543746198244418,4.494203832080548
2021-09-30,2.2911808676925034,4.938180522931447
2021-10-01,2.2695832551274404,4.896569384186526
2021-10-02,2.2928189928927014,4.946699910089606
2021-10-03,2.291672583396255,5.04039472772968
2021-10-04,2.291672583396255,5.2868997133912226
2021-10-05,2.461647080826915,5.681675149405466
2021-10-06,2.460416257286502,5.522039770035465
2021-10-07,2.4665876616972677,5.538651592804872
2021-10-08,2.512309563519021,5.641318807225651
2021-10-09,2.5033219719142754,5.621137428987973
2021-10-10,2.6273286335222545,5.899590818056189
2021-10-11,2.561343275282333,5.751422595538664
2021-10-12,2.6235035376733107,5.891001675434027
2021-10-13,2.61986661690137,5.882835074530593
2021-10-14,2.815136822685241,6.3213087007012385
2021-10-15,2.7830626129045988,6.249286985905473
2021-10-16,2.8132934567743733,6.317169475610278
2021-10-17,2.8348871717302533,6.365657540961526
2021-10-18,2.9370790930072768,6.5951265585610495
2021-10-19,3.0161868955876048,6.772760852111085
2021-10-20,2.8433011328583286,6.3845508484759845
2021-10-21,2.909833376433331,6.228770059832335
2021-10-22,2.8762077379082216,6.300748879026673
2021-10-23,2.8978884121083377,6.253254227697255
2021-10-24,2.797584311442861,6.469697013734496
2021-10-25,2.9163413532764912,6.195059328725918
2021-10-26,3.007237279117804,6.001972997218889
2021-10-27,2.897208664879847,6.221572819342456
2021-10-28,2.8204641057158875,6.386376918237664
2021-10-29,2.83583520016078,6.351572148848126
2021-10-30,2.806886873713804,6.293086602110111
2021-10-31,2.81847860843695,6.260804655335334
2021-11-01,2.7158196556950758,6.488845289496688
2021-11-02,2.7144617458672284,6.462535853657033
2021-11-03,2.7144617458672284,6.306764285563223
2021-11-04,2.6986799741698064,6.273250393151205
2021-11-05,2.7164195287812656,6.314487097393951
2021-11-06,2.7958672507882185,6.499168296382137
2021-11-07,2.7944693171628248,6.934297669215369
2021-11-08,2.7944693171628248,6.873233575670085
2021-11-09,2.7944693171628248,6.670377871161447
2021-11-10,2.7944693171628248,6.665731916722789
2021-11-11,2.8272347391906933,6.584242701709289
2021-11-12,2.838226661910477,6.616425627796659
2021-11-13,2.791482437417003,6.718778541735956
2021-11-14,2.8728801763627243,6.522863505895579
2021-11-15,2.716476404400441,6.17427220045314
2021-11-16,2.7044237859108455,6.195492293674903
2021-11-17,2.8578994027776448,5.8438990979195236
2021-11-18,2.7988041653026605,5.964738412499929
2021-11-19,2.722832492794446,6.126647258745557
2021-11-20,2.6760169150710817,6.027434142473321
2021-11-21,2.564785754944054,5.776898172958062
2021-11-22,2.5039083702416565,5.908240896485989
2021-11-23,2.4453560078578156,5.775988545671729
2021-11-24,2.4885558367367673,5.878027560023013
2021-11-25,2.3275791963583714,5.497796940040258
2021-11-26,2.2711434194846962,5.6256017786841435
2021-11-27,2.3696940331270153,5.875336362150314
2021-11-28,2.3927959388263744,5.932614417752835
2021-11-29,2.4235648778443846,5.850394373941192
2021-11-30,2.430681696734665,5.873424501185783
2021-12-01,2.3987420390354814,5.796246494562421
2021-12-02,2.518645234331755,5.500719854339357
2021-12-03,2.309480822710996,5.049405610283631
2021-12-04,2.299278638213319,5.066662069754854
2021-12-05,2.2427488132219837,5.191230495405101
2021-12-06,2.2457140855064823,5.203285362086474
2021-12-07,2.2370639345197123,5.18324309388333
2021-12-08,2.11159314321833,4.892529179782974
2021-12-09,2.0925991114370226,4.84852029718633
2021-12-10,2.1864672818722486,5.066011419650967
2021-12-11,2.2190601178461637,5.141528524622818
2021-12-12,2.0701940888057497,4.796608200696885
2021-12-13,2.0646640756904127,4.783795244461323
2021-12-14,2.1658357530125163,5.0182084812421355
2021-12-15,2.1112965804549724,4.891842048373201
2021-12-16,2.046481871497014,4.7416673540319225
2021-12-17,2.075123882419285,4.808030457480579
2021-12-18,2.068844676325336,4.793481632514377
2021-12-19,2.0765191462020853,4.811263262432976
2021-12-20,2.167602671880319,5.022302405370842
2021-12-21,2.1790821470363886,4.990682333717147
2021-12-22,2.082468853163436,5.211952678935535
2021-12-23,2.081930515047689,5.215817291998668
2021-12-24,2.0658584788948113,5.175552353530303
2021-12-25,2.048240007482859,5.214515991790894
2021-12-26,2.0550566948777775,5.197161714312679
2021-12-27,1.9291651021311464,4.88398373454918
2021-12-28,1.8827835768824226,4.766561635917961
2021-12-29,1.912514840659429,4.841830988724562
2021-12-30,1.94593862497532,4.752371610608555
2021-12-31,2.001999942331181,4.894036940128456
2022-01-01,2.0143388184497253,4.858979607852011
2022-01-02,2.0520812380736957,4.767937502311392
2022-01-03,2.076840737143871,4.710409690076264
2022-01-04,2.1822073009900325,4.471431479337992
2022-01-05,2.159586193102327,4.429551341073843
2022-01-06,2.079377640047674,4.265034682797543
2022-01-07,2.088185873131953,4.283101347974222
2022-01-08,2.097075218734094,4.301334383941482
2022-01-09,2.092555003792894,4.292062920631202
2022-01-10,2.138317318207769,4.385926514422685
2022-01-11,2.1990229038350555,4.510440418560838
2022-01-12,2.1310979132143366,4.371118712274037
2022-01-13,2.156522485349341,4.423267335911539
2022-01-14,2.150478230110266,4.431241507948758
2022-01-15,2.153641861410046,4.424722579212283
2022-01-16,2.1967671759792973,4.336120311337871
2022-01-17,2.1902636844158985,4.34895732118171
2022-01-18,2.2228938456444265,4.284167323714355
2022-01-19,2.279547274861566,4.174979576983215
2022-01-20,2.0406241496948647,3.741568032674415
2022-01-21,2.1184606656879583,3.5951100217053686
2022-01-22,2.043075046884276,3.723042344473121
2022-01-23,2.062293731835675,3.7617870948983936
2022-01-24,2.079154482444641,3.792542439334538
2022-01-25,2.073422218443402,3.7820863358166275
2022-01-26,2.089519897945386,3.81144977812049
2022-01-27,2.1258714890069967,3.8777579591635805
2022-01-28,2.1457801284729974,3.9140728942594283
2022-01-29,2.1560448032031228,3.891435241723221
2022-01-30,2.1238883951428273,3.9494741931342308
2022-01-31,2.1095307709264786,3.9761728965344987
2022-02-01,2.2070101404043654,3.7924378061385338
2022-02-02,2.1949685912624415,3.813129521765151
2022-02-03,1.9382054103061594,4.2591820390103345
2022-02-04,1.9334785393046592,4.253053981408357
2022-02-05,1.9787940809173452,4.352734138574633
2022-02-06,2.045411909249647,4.499272729131407
2022-02-07,2.0583897467396337,4.527819952327745
2022-02-08,2.06867046705322,4.550434353042618
2022-02-09,2.0325734929800094,4.471032189440598
2022-02-10,1.9785843112119574,4.352272710189191
2022-02-11,1.970957514833958,4.335496120203089
2022-02-12,1.971177201853237,4.330677380678311
2022-02-13,1.9529870072178577,4.370641248149744
2022-02-14,2.042214487405983,4.574696425924451
2022-02-15,2.014114122086337,4.511749736638038
2022-02-16,1.8572504221799833,4.160364604594252
2022-02-17,1.834020588794498,4.108328231128709
2022-02-18,1.8280091676395753,4.117685886535314
2022-02-19,1.7491474999229317,3.944163557320193
2022-02-20,1.6874267162147187,3.804988978937352
2022-02-21,1.742532038042759,3.9292463112538853
2022-02-22,1.6974983613507513,3.827699594085332
2022-02-23,1.7446521504566546,3.9340269658988927
2022-02-24,1.7027823485437705,4.024505415218892
2022-02-25,1.7075184623513457,4.013311667713827
2022-02-26,1.7684467201286957,3.8701073081576847
2022-02-27,1.5112936298708086,4.432866730081325
2022-02-28,1.5504187921402048,4.552059976068657
2022-03-01,1.5353699579931488,4.507876303918536
2022-03-02,1.4839046465383132,4.356773140297775
2022-03-03,1.368057174786152,4.016642691566688
2022-03-04,1.3772496716901677,4.043632042733634
2022-03-05,1.3429726895621785,3.9429941510644713
2022-03-06,1.3304606912658674,3.906258678717251
2022-03-07,1.3540634098365076,3.9755567232691438
2022-03-08,1.2392572517846676,4.308654297833575
2022-03-09,1.3143946012685128,4.047416477102512
2022-03-10,1.3358078238284443,3.981478721626884
2022-03-11,1.3320533365117238,3.992669261984178
2022-03-12,1.3681536575661266,3.8844629024707307
2022-03-13,1.3024712221355856,4.070948522973144
2022-03-14,1.3132401864840264,4.037289507124522
2022-03-15,1.2529793438719932,4.222549195391763
2022-03-16,1.2458625067638016,4.202787953511986
2022-03-17,1.2717152560472667,4.289999521934528
2022-03-18,1.2585939134356914,4.329973010849273
2022-03-19,1.2292097117484577,4.233211759047383
2022-03-20,1.224148732544538,4.215782514490038
2022-03-21,1.1847556089933615,4.347230673000911
2022-03-22,1.198510729607812,4.402049648050603
2022-03-23,1.1979114742430081,4.511654724885345
2022-03-24,1.2078797719343746,4.551453825140082
2022-03-25,1.2120222959796223,4.56706341423129
2022-03-26,1.2752005486412443,4.805127587855045
2022-03-27,1.2745629483669239,4.836687124594577
2022-03-28,1.2830593820421898,4.871347572334455
2022-03-29,1.2721639817393213,4.829981379500485
2022-03-30,1.2309686299967095,4.673576399722053
2022-03-31,1.2510520252344437,4.749826337959403
2022-04-01,1.2398963432845667,4.707471942718731
2022-04-02,1.2556992933269944,4.767470461417354
2022-04-03,1.2602705359486137,4.784825941575984
2022-04-04,1.2314367145975977,4.675353560480236
2022-04-05,1.1679333778650511,4.434252618811539
2022-04-06,1.1759646241415076,4.464744576237052
2022-04-07,1.1430896266467556,4.3399292002084975
2022-04-08,1.1564558547548973,4.390676300270405
2022-04-09,1.1708279181106938,4.331719703703636
2022-04-10,1.2453303440703953,4.056082591271158
2022-04-11,1.2262580053766314,4.11820183643285
2022-04-12,1.2567995557063398,4.22488921058362
2022-04-13,1.293131125471794,4.098531196477582
2022-04-14,1.311847486053658,4.161950539166633
2022-04-15,1.3076751495016115,4.148713437638458
2022-04-16,1.284787509809341,4.076100404972555
2022-04-17,1.2476196676031086,4.189942524905249
2022-04-18,1.2269452413798396,4.259374467876549
2022-04-19,1.2219232632163695,4.246199905729894
2022-04-20,1.2457165335066425,4.159271768991545
2022-04-21,1.2699083969631437,4.078498549717749
2022-04-22,1.2780119016513383,4.052472946455759
2022-04-23,1.27857627687994,4.050683357999968
2022-04-24,1.2465379042496074,4.152184774206266
2022-04-25,1.3186604282258134,3.9119465552877632
2022-04-26,1.3562144037596329,4.027266368555593
2022-04-27,1.3364472742589457,4.0819374139143845
2022-04-28,1.3755591707262809,3.9624771728751806
2022-04-29,1.4074436879468502,3.8706296723507623
2022-04-30,1.379297752980377,3.9480341837853965
2022-05-01,1.3771380676332357,3.9542159611125256
2022-05-02,1.3764494985994191,3.8742810100871754
2022-05-03,1.3047366770718858,4.07419335472968
2022-05-04,1.2007830600691398,3.753660182448617
2022-05-05,1.1832443489552626,3.698833991316441
2022-05-06,1.1655496925890128,3.643520313723189
2022-05-07,1.1181854260032709,3.495459129762496
2022-05-08,0.9946665265681064,3.109337781112761
2022-05-09,0.9698383982965295,3.1838414273892175
2022-05-10,0.9693534790973813,2.969701373451006
2022-05-11,0.9726005290365687,2.981133853018217
2022-05-12,0.9721142287720504,3.005287684662804
2022-05-13,0.9721142287720504,3.0892546217755465
2022-05-14,0.9721142287720504,3.2128039762218004
2022-05-15,0.9721142287720504,3.0647933048384886
2022-05-16,0.9899532882083187,3.1225670652182473
2022-05-17,0.9894583115642146,2.9475249488535056
2022-05-18,1.0438815308907763,3.1111215566132198
2022-05-19,1.043359590125331,2.996834845820877
2022-05-20,1.043359590125331,3.0205919933756324
2022-05-21,1.043359590125331,3.11208510407144
2022-05-22,1.043359590125331,2.9863841543648286
2022-05-23,1.043359590125331,3.0435150820633905
2022-05-24,1.043359590125331,3.033947558924571
2022-05-25,1.043359590125331,3.003658052702053
2022-05-26,1.065641075929108,2.938011546333309
2022-05-27,1.058667992501878,2.9572365931952507
2022-05-28,1.03548278423016,3.02200113392718
2022-05-29,0.9552901206192533,3.2560391344188755
2022-05-30,0.9548124755589438,3.262804412193452
2022-05-31,0.9548124755589438,3.058241703284106
2022-06-01,0.9329181500929032,3.1268395873884094
2022-06-02,0.9324516910178569,3.0485238450935572
2022-06-03,0.9279509809055191,3.0617140420855935
2022-06-04,0.9256570523843511,3.0692827103766134
2022-06-05,0.8803437051657884,3.2195321713502856
2022-06-06,0.8863825978000973,3.1974471504642366
2022-06-07,0.9131578274188703,3.1008608886625595
2022-06-08,0.9162513397420522,3.090356076587889
2022-06-09,0.9475373255333204,2.9848338993113925
2022-06-10,0.971092150692716,2.9106339298394306
2022-06-11,0.9706066046173697,2.746616584381609
2022-06-12,0.8150695554214785,2.3078521099975493
2022-06-13,0.8048991875616784,2.279054929721869
2022-06-14,0.8044967379678977,2.316621855128523
2022-06-15,0.7260004270214567,2.091742867328413
2022-06-16,0.7292002705963276,2.1009622144874265
2022-06-17,0.7288356704610295,1.9517564796662306
2022-06-18,0.7873229803764004,2.1093561219890753
2022-06-19,0.7869293188862122,2.114104304262909
2022-06-20,0.7869293188862122,2.12550230699159
2022-06-21,0.7869293188862122,2.0512434061793496
2022-06-22,0.7869293188862122,2.1640167441176126
2022-06-23,0.7869293188862122,2.1789778880190256
2022-06-24,0.7869293188862122,2.2067576006645986
2022-06-25,0.7691505242342055,2.1580045447288345
2022-06-26,0.7687659489720884,2.128055797956904
2022-06-27,0.7687659489720884,2.0813757621611257
2022-06-28,0.7687659489720884,2.0632503660909043
2022-06-29,0.7687659489720884,2.030481333748523
2022-06-30,0.7483564856543401,1.977590656295684
2022-07-01,0.747303574158097,1.9748082551582689
2022-07-02,0.7444272366615594,1.9804343941342046
2022-07-03,0.7083889706053316,2.07630866913089
2022-07-04,0.708034776120029,2.072085857751168
2022-07-05,0.708034776120029,2.108840372538274
2022-07-06,0.6701451037787622,2.220638136214178
2022-07-07,0.6723716863822252,2.230236929043757
2022-07-08,0.6759972647371394,2.215980756311589
2022-07-09,0.6756592661047709,2.1408813823368114
2022-07-10,0.7041446013011502,2.049552838410964
2022-07-11,0.7037925290004997,1.98318873272863
2022-07-12,0.7037925290004997,2.074339480399965
2022-07-13,0.7037925290004997,2.1110647299636676
2022-07-14,0.7037925290004997,2.138405865151661
2022-07-15,0.691483904746169,2.1747352324124756
2022-07-16,0.7048947935521445,2.132557631192637
2022-07-17,0.6470106651309625,2.307677721337543
2022-07-18,0.6723682872680837,2.4004278335125475
2022-07-19,0.667834904002997,2.3842431627367895
2022-07-20,0.6690960715987598,2.3773564142404155
2022-07-21,0.6820839468277415,2.3312093663147038
2022-07-22,0.6817429048543278,2.305603498517143
2022-07-23,0.6817429048543278,2.3203497635179504
2022-07-24,0.6817429048543278,2.1923242330181254
2022-07-25,0.6817429048543278,2.179808940184988
2022-07-26,0.6817429048543278,2.3533330734207305
2022-07-27,0.6817429048543278,2.447067779961197
2022-07-28,0.6825243786130407,2.4430392014683098
2022-07-29,0.6867800298098369,2.427806452240105
2022-07-30,0.686436639794932,2.395036016770574
2022-07-31,0.686436639794932,2.3927066252557045
2022-08-01,0.686436639794932,2.358214953667235
2022-08-02,0.6821617896357793,2.3447080508328884
2022-08-03,0.6879156445845284,2.3225863481942177
2022-08-04,0.6679034829419266,2.390152733396919
2022-08-05,0.6773110515428725,2.3564869023592854
2022-08-06,0.6769723960171011,2.3785121901181134
2022-08-07,0.6769723960171011,2.4435373116063746
2022-08-08,0.6582899229048411,2.3773245432094483
2022-08-09,0.6579607779433887,2.457716111898586
2022-08-10,0.6579034348622996,2.4587307732743944
2022-08-11,0.6450173421139602,2.5044302236394227
2022-08-12,0.6449340065545841,2.506611084123183
2022-08-13,0.6421684247072498,2.4958623283712384
2022-08-14,0.6373530507794608,2.4771468171112936
2022-08-15,0.6370343742540711,2.4511117928527284
2022-08-16,0.6221180181990419,2.3949438112721797
2022-08-17,0.6218069591899424,2.3822938182326925
2022-08-18,0.6218069591899424,2.142636694400809
2022-08-19,0.6300888332200308,2.1722458844025656
2022-08-20,0.6410455646354588,2.210019470393664
2022-08-21,0.6444296484661369,2.1961427433320617
2022-08-22,0.6405393929533612,2.209400290427273
2022-08-23,0.6444986635847525,2.195743653881403
2022-08-24,0.6382966381038242,2.216873345625393
2022-08-25,0.6779191569678559,2.079260046866449
2022-08-26,0.6699373435202807,2.056858119691354
2022-08-27,0.6557333689638992,2.0132487274388406
2022-08-28,0.6785032357239428,2.083157332747492
2022-08-29,0.6945779157287324,2.0317212972551904
2022-08-30,0.7027583547181291,2.0576817553280975
2022-08-31,0.70240697554077,2.0656228536539363
2022-09-01,0.7075477186821477,2.0494722588232372
2022-09-02,0.7124259774410922,2.0353419666410506
2022-09-03,0.7068714000627868,2.051210933808176
2022-09-04,0.7130373579529559,2.0333184568447673
2022-09-05,0.6772452410769672,1.9332859143172363
2022-09-06,0.6935189800379045,1.979741449769098
2022-09-07,0.6914050198020814,1.9837962867843537
2022-09-08,0.618031817940622,2.1943204820583606
2022-09-09,0.6260676937831088,2.225046160377631
2022-09-10,0.6286295636821568,2.234151052450594
2022-09-11,0.6459901901378269,2.2958507625945916
2022-09-12,0.7052275351860868,2.0830252383487053
2022-09-13,0.7048749214184938,2.0773173171046286
2022-09-14,0.7048749214184938,2.0219102313325688
2022-09-15,0.7048749214184938,2.0292351563930513
2022-09-16,0.7048749214184938,2.0656675532759845
2022-09-17,0.7293193597276361,1.9929991973110455
2022-09-18,0.7289547000477723,2.005789102172009
2022-09-19,0.7529584179810767,1.9387376646331664
2022-09-20,0.7666453735800297,1.903496121806669
2022-09-21,0.8016805212239138,1.99238803521408
2022-09-22,0.8056654189699516,1.9804921227940695
2022-09-23,0.8052625862604667,1.9434814370788158
2022-09-24,0.8052625862604667,1.9296353783677667
2022-09-25,0.8052625862604667,1.97279837574001
2022-09-26,0.8095570162328872,1.961291129540405
2022-09-27,0.8091522377247709,1.9937396475524984
2022-09-28,0.8091522377247709,2.008757317433362
2022-09-29,0.8145874377914842,1.9942598068314836
2022-09-30,0.8196050255504054,1.9819758295312746
2022-10-01,0.8309784438203643,1.9544725329341486
2022-10-02,0.8305629545984542,2.013943074931097
2022-10-03,0.7999589725699942,2.087144418766102
2022-10-04,0.7922309800148404,2.069068733486319
2022-10-05,0.791834864524833,2.0480017815705844
2022-10-06,0.791834864524833,2.006068324474755
2022-10-07,0.791834864524833,1.992697725420643
2022-10-08,0.791834864524833,1.9957619546683674
2022-10-09,0.791834864524833,1.9644662058329379
2022-10-10,0.791834864524833,1.9552228050656477
2022-10-11,0.791834864524833,1.9661042565565854
2022-10-12,0.791834864524833,1.9892428254851564
2022-10-13,0.7994969696717893,1.9689995092061654
2022-10-14,0.7990972211869535,1.956887114311664
2022-10-15,0.7990972211869535,1.9774599650240465
2022-10-16,0.7990972211869535,2.0064694183927694
2022-10-17,0.7990972211869535,1.9842665348261646
2022-10-18,0.7990972211869535,1.964266159990769
2022-10-19,0.7990972211869535,1.955461136234323
2022-10-20,0.7990972211869535,1.9676460928471262
2022-10-21,0.7972088546792891,1.9713120631952412
2022-10-22,0.7968102502519495,2.008137135233292
2022-10-23,0.7968102502519495,1.9854114865801389
2022-10-24,0.7968102502519495,2.062412298289195
2022-10-25,0.82315941912288,2.131643994971591
2022-10-26,0.8039538785011008,2.0819095518181348
2022-10-27,0.8162203824766874,2.1136747469084325
2022-10-28,0.8250631144051733,2.1365737819879143
2022-10-29,0.8178156193666923,2.1178057536832315
2022-10-30,0.8122739727721887,2.103455170538577
2022-10-31,0.8118578442108482,2.1023775688877775
2022-11-01,0.79894717693774,2.068944256063486
2022-11-02,0.8009479379223994,2.0741254032863012
2022-11-03,0.7630028715928568,2.1703133774242627
2022-11-04,0.7626213701570604,2.184215561221291
2022-11-05,0.7626213701570604,2.1476586869155256
2022-11-06,0.7740355226676925,2.114440854332047
2022-11-07,0.7736485049063587,1.9028671199502305
2022-11-08,0.7736485049063587,1.6298242893937696
2022-11-09,0.6901525684440496,1.8049079984561565
2022-11-10,0.6898074921598276,1.7482078307924844
2022-11-11,0.6799418609395121,1.7240790549898533
2022-11-12,0.6796018900090425,1.6783250831127308
2022-11-13,0.6796018900090425,1.7055046582317988
2022-11-14,0.6796018900090425,1.732846394759999
2022-11-15,0.6796018900090425,1.7107633783413068
2022-11-16,0.6796018900090425,1.712618713326388
2022-11-17,0.6796018900090425,1.7136716600287034
2022-11-18,0.6796018900090425,1.7150848095149633
2022-11-19,0.6796018900090425,1.6720100087064014
2022-11-20,0.6796018900090425,1.620228904158696
2022-11-21,0.6796018900090425,1.661535464088812
2022-11-22,0.6796018900090425,1.7047357445538844
2022-11-23,0.6796018900090425,1.70409511678678
2022-11-24,0.6796018900090425,1.6956156185290128
2022-11-25,0.6796018900090425,1.6897082527829748
2022-11-26,0.6796018900090425,1.6876911572822322
2022-11-27,0.6796018900090425,1.6643631661884815
2022-11-28,0.6888023984895467,1.6877276385881186
2022-11-29,0.6578060912752937,1.7619881429742439
2022-11-30,0.6494304453935053,1.741315269340777
2022-12-01,0.6441294596234014,1.7537874661257518
2022-12-02,0.650930244579666,1.7352707980275612
2022-12-03,0.6423741040070865,1.7580800329694763
2022-12-04,0.6482111860072939,1.7421048290324619
2022-12-05,0.6438320312839888,1.7538740591155482
2022-12-06,0.6529256957278569,1.7291018492915133
2022-12-07,0.637992083982519,1.7686495893397587
2022-12-08,0.6417060657979519,1.7583536427636246
2022-12-09,0.6418719024139565,1.7578992300139293
2022-12-10,0.642791172264175,1.7553816190142946
2022-12-11,0.63894874429177,1.7658748051782984
2022-12-12,0.6176009549417066,1.824874096899758
2022-12-13,0.6164084958193542,1.8283975496188332
2022-12-14,0.6320053330949653,1.7821340421397145
2022-12-15,0.6581148665042851,1.708510156585981
2022-12-16,0.657785809071033,1.7236589186319529
2022-12-17,0.657785809071033,1.7198498293145912
2022-12-18,0.657785809071033,1.6871834257008573
2022-12-19,0.657785809071033,1.7350725562060143
2022-12-20,0.657785809071033,1.725962252071189
2022-12-21,0.657785809071033,1.7272765813167785
2022-12-22,0.657785809071033,1.7238499443710176
2022-12-23,0.657785809071033,1.7290637644117424
2022-12-24,0.657785809071033,1.7284716447546626
2022-12-25,0.657785809071033,1.7364580440427562
2022-12-26,0.6653345309639789,1.715662296560342
2022-12-27,0.6650018636984969,1.698769447467569
2022-12-28,0.6650018636984969,1.7079823803310419
2022-12-29,0.6650018636984969,1.7039022870270955
2022-12-30,0.6650018636984969,1.6982484864016416
2022-12-31,0.6650018636984969,1.7062108320814584
2023-01-01,0.6650018636984969,1.7127165313333812
2023-01-02,0.6643261408989461,1.71183256122921
2023-01-03,0.6639939778284967,1.730652705685159
2023-01-04,0.6626184601953146,1.7279328439292636
2023-01-05,0.6671534917156361,1.7397590008852715
2023-01-06,0.6663639671637269,1.7400781120884101
2023-01-07,0.6610163214850692,1.7540424343734866
2023-01-08,0.6569394831197894,1.7648605446959624
2023-01-09,0.6473990292102133,1.7904908669952706
2023-01-10,0.6292678742278386,1.8406356246165811
2023-01-11,0.6289532402907247,1.9365618153177968
2023-01-12,0.6289532402907247,2.0432942899840856
2023-01-13,0.6289532402907247,2.1527708804612824
2023-01-14,0.6289532402907247,2.1429698368754426
2023-01-15,0.6289532402907247,2.172612501482051
2023-01-16,0.6289532402907247,2.1717798457422033
2023-01-17,0.6289532402907247,2.123263316954494
2023-01-18,0.6289532402907247,2.1641107536366273
2023-01-19,0.6289532402907247,2.3272657772377268
2023-01-20,0.6289532402907247,2.3376386953603467
2023-01-21,0.6302184619971783,2.331767410026724
2023-01-22,0.6242821007114472,2.3537315615311813
2023-01-23,0.6239699596610915,2.3231520088821926
2023-01-24,0.6239699596610915,2.372556516708786
2023-01-25,0.6239699596610915,2.3638246560108485
2023-01-26,0.6239699596610915,2.3685405663602443
2023-01-27,0.6239699596610915,2.363651470031256
2023-01-28,0.6239699596610915,2.439953524419872
2023-01-29,0.6239699596610915,2.344054394027968
2023-01-30,0.6239699596610915,2.3747552169520185
2023-01-31,0.6239699596610915,2.4347403057193544
2023-02-01,0.6239699596610915,2.4088882893304286
2023-02-02,0.6239699596610915,2.406574131767468
2023-02-03,0.6239699596610915,2.394517861958946
2023-02-04,0.6239699596610915,2.3559108184410578
2023-02-05,0.6239699596610915,2.3358410890351307
2023-02-06,0.6239699596610915,2.387584609819904
2023-02-07,0.6239699596610915,2.3542412975799145
2023-02-08,0.6239699596610915,2.239260239295316
2023-02-09,0.6239699596610915,2.222033445940967
2023-02-10,0.6239699596610915,2.244580095659194
2023-02-11,0.6239699596610915,2.236095586233036
2023-02-12,0.6239699596610915,2.2381377375757334
2023-02-13,0.6239699596610915,2.280492934603349
2023-02-14,0.5650530555857577,2.494682899778735
2023-02-15,0.5647705290579649,2.42444716539752
2023-02-16,0.5647705290579649,2.521136456821316
2023-02-17,0.5647705290579649,2.5289029660404125
2023-02-18,0.5647705290579649,2.4967150287846507
2023-02-19,0.5647705290579649,2.5481839375415976
2023-02-20,0.5647705290579649,2.507871894090358
2023-02-21,0.5647705290579649,2.4824702815164144
2023-02-22,0.5647705290579649,2.457700677499943
2023-02-23,0.5647705290579649,2.380794276203373
2023-02-24,0.5647705290579649,2.3784592721799056
2023-02-25,0.5647705290579649,2.418057324358797
2023-02-26,0.5647705290579649,2.4141223544914534
2023-02-27,0.5735041036404706,2.3755834628636827
2023-02-28,0.5732173515886504,2.426815443579103
2023-03-01,0.5770779992856727,2.409257311770742
2023-03-02,0.6044327251475881,2.295053385480218
2023-03-03,0.6041305087850143,2.2940958514240672
2023-03-04,0.6041305087850143,2.302528244698959
2023-03-05,0.6041305087850143,2.3019375281690286
2023-03-06,0.6041305087850143,2.28038669783346
2023-03-07,0.6041305087850143,2.2288989470833633
2023-03-08,0.6041305087850143,2.0898310063638816
2023-03-09,0.6041305087850143,2.071791201049778
2023-03-10,0.6041305087850143,2.1174780232704613
2023-03-11,0.6041305087850143,2.2746579301288765
2023-03-12,0.6041305087850143,2.4833620690432747
2023-03-13,0.6041305087850143,2.539658136087897
2023-03-14,0.6041305087850143,2.5016738805776413
2023-03-15,0.6041305087850143,2.5711358905592876
2023-03-16,0.6041305087850143,2.814483038347563
2023-03-17,0.6041305087850143,2.7674738690118645
2023-03-18,0.6041305087850143,2.8775736483901646
2023-03-19,0.6041305087850143,2.849716162411163
2023-03-20,0.594938985193457,2.891648216379843
2023-03-21,0.6132750098821037,2.802527593247067
2023-03-22,0.5902209112288139,2.907879591245005
2023-03-23,0.6077331516875913,2.821600901930129
2023-03-24,0.607701721446711,2.8217468271536745
2023-03-25,0.5966588037929496,2.8730225052574645
2023-03-26,0.5963604743910531,2.7853322700302137
2023-03-27,0.5963604743910531,2.7984936026923175
2023-03-28,0.5963604743910531,2.909364500662624
2023-03-29,0.5963604743910531,2.877048878836259
2023-03-30,0.5963604743910531,2.922710645214987
2023-03-31,0.5963604743910531,2.915788417646405
2023-04-01,0.5963604743910531,2.894059189716117
2023-04-02,0.5963604743910531,2.8520750195961706
2023-04-03,0.5963604743910531,2.8908552490936517
2023-04-04,0.5963604743910531,2.8918707122564022
2023-04-05,0.5963604743910531,2.8781344983564834
2023-04-06,0.5963604743910531,2.865995444046142
2023-04-07,0.5963604743910531,2.8682466613341115
2023-04-08,0.5963604743910531,2.9077849803857823
2023-04-09,0.5682801149357535,3.0432476861180473
2023-04-10,0.5679959748782857,3.1029856240603393
2023-04-11,0.5679959748782857,3.093132664769969
2023-04-12,0.5679959748782857,3.119817537345478
2023-04-13,0.5660932729433376,3.1287085527515135
2023-04-14,0.565810226306866,3.1115487086068683
2023-04-15,0.565810226306866,3.1112263902559594
2023-04-16,0.565810226306866,3.0219075253016356
2023-04-17,0.565810226306866,3.119662191125357
2023-04-18,0.565810226306866,2.9580349725433033
2023-04-19,0.565810226306866,2.8988498666979057
2023-04-20,0.565810226306866,2.799394610769017
2023-04-21,0.5543137614437532,2.85487465915285
2023-04-22,0.5540366045630314,2.831668740121104
2023-04-23,0.5540366045630314,2.824890633755447
2023-04-24,0.5540366045630314,2.905172758526925
2023-04-25,0.5515067790199326,2.916985685998381
2023-04-26,0.5512310256304227,3.0248572994633105
2023-04-27,0.5512310256304227,3.011153758381301
2023-04-28,0.5512310256304227,3.001735167167062
2023-04-29,0.5505724805805419,3.003820414557922
2023-04-30,0.5502971943402516,2.883001946438023
2023-05-01,0.5502971943402516,2.943447060463652
2023-05-02,0.5502971943402516,2.976880573734679
2023-05-03,0.5470131883774075,2.960603897907262
2023-05-04,0.5600339663833913,3.031076359883268
2023-05-05,0.548092361503967,2.9664447153370683
2023-05-06,0.5395661568006401,2.920298268751563
2023-05-07,0.5392963737222398,2.842228073707869
2023-05-08,0.5392963737222398,2.8385849542876174
2023-05-09,0.5392963737222398,2.834785686860302
2023-05-10,0.5392963737222398,2.771056653964688
2023-05-11,0.5392963737222398,2.7509620691635415
2023-05-12,0.5392963737222398,2.748815885965047
2023-05-13,0.5392963737222398,2.763857208560716
2023-05-14,0.5392963737222398,2.7907515479749683
2023-05-15,0.5392963737222398,2.7747370564777682
2023-05-16,0.5392963737222398,2.811904291093556
2023-05-17,0.5392963737222398,2.753755494871416
2023-05-18,0.5392963737222398,2.7596997428168115
2023-05-19,0.5392963737222398,2.7842749134997122
2023-05-20,0.5392963737222398,2.745711166476722
2023-05-21,0.5392963737222398,2.7557124563514663
2023-05-22,0.5392963737222398,2.794141703614842
2023-05-23,0.5392963737222398,2.702708927386462
2023-05-24,0.5392963737222398,2.7172194670261574
2023-05-25,0.5392963737222398,2.7421668672971413
2023-05-26,0.5392963737222398,2.757464962161165
2023-05-27,0.5392963737222398,2.882394191935563
2023-05-28,0.5325026719426138,2.8475248786971488
2023-05-29,0.5322364206066426,2.8430569209597394
2023-05-30,0.5322364206066426,2.79351891560721
2023-05-31,0.5322364206066426,2.7524996960726336
2023-06-01,0.5322364206066426,2.796590761830889
2023-06-02,0.5322364206066426,2.778686057616607
2023-06-03,0.5322364206066426,2.783195307381558
2023-06-04,0.5322364206066426,2.643726072297326
2023-06-05,0.5322364206066426,2.7954816900425943
2023-06-06,0.5322364206066426,2.7038562845012644
2023-06-07,0.5322364206066426,2.720504588576557
2023-06-08,0.5322364206066426,2.7176472203600124
2023-06-09,0.5322364206066426,2.6530799192159527
2023-06-10,0.5322364206066426,2.662206459536365
2023-06-11,0.5322364206066426,2.658340643792817
2023-06-12,0.5322364206066426,2.6600061557192474
2023-06-13,0.5322364206066426,2.578513533111241
2023-06-14,0.5322364206066426,2.6248728541299955
2023-06-15,0.5322364206066426,2.701954044980043
2023-06-16,0.5322364206066426,2.7207569510167273
2023-06-17,0.5322364206066426,2.702852046355709
2023-06-18,0.5322364206066426,2.7556869996160405
2023-06-19,0.5322364206066426,2.90721410808268
2023-06-20,0.5639074806124798,3.0816633030034
2023-06-21,0.5636255268721735,3.0698593956350484
2023-06-22,0.5636255268721735,3.150236933052691
2023-06-23,0.5636255268721735,3.1351737617628377
2023-06-24,0.5636255268721735,3.1281505090394934
2023-06-25,0.5636255268721735,3.1066876748208707
2023-06-26,0.5555788717602157,3.1494872622613994
2023-06-27,0.5553010823243356,3.0877131863784792
2023-06-28,0.5616514323268135,3.124567724086669
2023-06-29,0.5622399261088458,3.127841620619873
2023-06-30,0.5643213269725361,3.1394208271975725
2023-07-01,0.5640391663090499,3.142570647201415
2023-07-02,0.5538900264419697,3.1975457702581718
2023-07-03,0.5536130814287488,3.158664114712457
2023-07-04,0.5536130814287488,3.1316300639234633
2023-07-05,0.5536130814287488,3.0695573224044397
2023-07-06,0.5453229093652077,3.1139881453796043
2023-07-07,0.5450502479105251,3.108884971936953
2023-07-08,0.5450502479105251,3.0964354256331053
2023-07-09,0.5450502479105251,3.121398460749469
2023-07-10,0.5450502479105251,3.142589288747829
2023-07-11,0.5450502479105251,3.119056040196783
2023-07-12,0.564225624913214,3.2303468740782546
2023-07-13,0.5639435121007574,3.1131468704301244
2023-07-14,0.5629502131400851,3.1092201188789423
2023-07-15,0.562668738033515,3.1044300432373597
2023-07-16,0.562668738033515,3.0938342283447082
2023-07-17,0.562668738033515,3.0641410511607186
2023-07-18,0.562668738033515,3.0700279713397216
2023-07-19,0.562668738033515,3.0575166874412973
2023-07-20,0.562668738033515,3.069496386596805
2023-07-21,0.562668738033515,3.0554422641741614
2023-07-22,0.562668738033515,3.0875379959315286
2023-07-23,0.562668738033515,2.9943897965395436
2023-07-24,0.562668738033515,2.999569941528681
2023-07-25,0.562668738033515,3.0126635231941385
2023-07-26,0.562668738033515,2.9978559214922256
2023-07-27,0.562668738033515,3.008996951505817
2023-07-28,0.562668738033515,3.012863168142836
2023-07-29,0.562668738033515,3.0044877017408655
2023-07-30,0.562668738033515,2.9998491638314264
2023-07-31,0.562668738033515,3.0455826901415137
2023-08-01,0.5524563618656323,2.9918284881515387
2023-08-02,0.5529627436989369,2.994570799941826
2023-08-03,0.5526862623270875,2.9838370776950547
2023-08-04,0.5526862623270875,2.980556566419575
2023-08-05,0.5526862623270875,2.9805287043233206
2023-08-06,0.5526862623270875,2.9947656341688673
2023-08-07,0.5526862623270875,3.0547946207713084
2023-08-08,0.5486220793262134,3.0338585605739463
2023-08-09,0.5483477682865504,3.0203215907292535
2023-08-10,0.5483477682865504,3.0170500995568776
2023-08-11,0.5483477682865504,3.0189230738546953
2023-08-12,0.5483477682865504,3.0052682413294463
2023-08-13,0.5483477682865504,3.0181511534757464
2023-08-14,0.5483477682865504,2.9937156941675864
2023-08-15,0.5483477682865504,2.945627119160468
2023-08-16,0.5483477682865504,2.7365489466373663
2023-08-17,0.5354264409855883,2.6734328798593383
2023-08-18,0.5363852598711739,2.678220349693357
2023-08-19,0.5383045837247935,2.6878037081242923
2023-08-20,0.536959451234452,2.681087339353212
2023-08-21,0.5350585137084827,2.6715957855272
2023-08-22,0.526302117176986,2.7126456734123296
2023-08-23,0.5260389661183976,2.6850110842033597
2023-08-24,0.5260389661183976,2.6732390478659744
2023-08-25,0.5260389661183976,2.6692154805414785
2023-08-26,0.5260389661183976,2.6775520602767346
2023-08-27,0.5260389661183976,2.6792410244712346
2023-08-28,0.5260389661183976,2.8456270490041105
2023-08-29,0.5176156575968358,2.801483666647853
2023-08-30,0.5173568497680374,2.661314070669296
2023-08-31,0.5173568497680374,2.6478955648453666
2023-09-01,0.5173568497680374,2.6548819353693536
2023-09-02,0.5173568497680374,2.6652235838012137
2023-09-03,0.5173568497680374,2.649095439004906
2023-09-04,0.5173568497680374,2.6457668205128733
2023-09-05,0.5173568497680374,2.643021902915023
2023-09-06,0.5173568497680374,2.6929978843849245
2023-09-07,0.5173568497680374,2.6586643652708752
2023-09-08,0.5173568497680374,2.6576404833452276
2023-09-09,0.5173568497680374,2.6511285702445
2023-09-10,0.5173568497680374,2.5824112198857554
2023-09-11,0.5173568497680374,2.6512432257772858
2023-09-12,0.5173568497680374,2.6917795691257065
2023-09-13,0.5173568497680374,2.7237329837007698
2023-09-14,0.5173568497680374,2.7308163704448063
2023-09-15,0.5173568497680374,2.726668927037685
2023-09-16,0.5173568497680374,2.723169928820358
2023-09-17,0.5173568497680374,2.745757870566127
2023-09-18,0.5173568497680374,2.7926423620322574
2023-09-19,0.5173568497680374,2.784523467451906
2023-09-20,0.5173568497680374,2.7266023787214526
2023-09-21,0.5173568497680374,2.7278273087229468
2023-09-22,0.5173568497680374,2.7278090680700036
2023-09-23,0.5173568497680374,2.6947046883388968
2023-09-24,0.5173568497680374,2.6989796158698853
2023-09-25,0.5173568497680374,2.690643036134629
2023-09-26,0.5173568497680374,2.7045458212718643
2023-09-27,0.5173568497680374,2.7731870018710656
2023-09-28,0.5173568497680374,2.7619156814793087
2023-09-29,0.5173568497680374,2.767682934957135
2023-09-30,0.5173568497680374,2.8719366852905033
2023-10-01,0.5173568497680374,2.8254494792544107
2023-10-02,0.5152038190486781,2.815103821887838
2023-10-03,0.5077500555818583,2.85301651791347
2023-10-04,0.514754280828664,2.8136602044977606
2023-10-05,0.5144969036882497,2.8681237874851644
2023-10-06,0.5144969036882497,2.8704064749106295
2023-10-07,0.5144969036882497,2.8669427553187754
2023-10-08,0.5144969036882497,2.83087777730227
2023-10-09,0.5144969036882497,2.8111055108520326
2023-10-10,0.5144969036882497,2.757974698209897
2023-10-11,0.5144969036882497,2.746016246408367
2023-10-12,0.5144969036882497,2.756851394703372
2023-10-13,0.5144969036882497,2.756782841919783
2023-10-14,0.5144969036882497,2.787360590548151
2023-10-15,0.5144969036882497,2.9269166190689146
2023-10-16,0.5123685481743597,2.9162720956195027
2023-10-17,0.5121123639002726,2.9073017033061537
2023-10-18,0.5121123639002726,2.947477242530423
2023-10-19,0.5121123639002726,3.046323340829703
2023-10-20,0.5159186890080021,3.070488597938221
2023-10-21,0.5156607296634981,3.0782354633772244
2023-10-22,0.5156607296634981,3.395598169640673
2023-10-23,0.5156607296634981,3.4792706504987616
2023-10-24,0.5156607296634981,3.540980583426277
2023-10-25,0.5156607296634981,3.505453404001493
2023-10-26,0.5156607296634981,3.480119742870931
2023-10-27,0.512669114380454,3.4985696622061533
2023-10-28,0.5124127798232638,3.5446403399255866
2023-10-29,0.5124127798232638,3.540933678890137
2023-10-30,0.5096998640042342,3.557910314718407
2023-10-31,0.4983867630758152,3.6368803151583875
2023-11-01,0.4981375696942773,3.585667376882853
2023-11-02,0.49495259257268487,3.5645342775443574
2023-11-03,0.49470511627639857,3.6004411030864434
2023-11-04,0.49470511627639857,3.597070791673397
2023-11-05,0.49470511627639857,3.5958408505035115
2023-11-06,0.49470511627639857,3.6375277581145045
2023-11-07,0.49470511627639857,3.6592557833643786
2023-11-08,0.49470511627639857,3.7657687688551413
2023-11-09,0.49470511627639857,3.82948517360641
2023-11-10,0.49470511627639857,3.8114309361273406
2023-11-11,0.49470511627639857,3.802858230137501
2023-11-12,0.49470511627639857,3.746190334398267
2023-11-13,0.5075322451543828,3.6471828764767977
2023-11-14,0.5072784790318056,3.887635974295907
2023-11-15,0.5072784790318056,3.71051803153688
2023-11-16,0.5072784790318056,3.755871109942723
2023-11-17,0.5072784790318056,3.754744198394956
2023-11-18,0.5072784790318056,3.836933774302781
2023-11-19,0.5072784790318056,3.846212453695544
2023-11-20,0.5072784790318056,3.675526044896254
2023-11-21,0.5072784790318056,3.841633448466591
2023-11-22,0.5089589467899159,3.8269864045999253
2023-11-23,0.508704467316521,3.8711845089150123
2023-11-24,0.508704467316521,3.879036809336963
2023-11-25,0.508704467316521,3.846434548678634
2023-11-26,0.508704467316521,3.8233478954545936
2023-11-27,0.508704467316521,3.8825562531213254
2023-11-28,0.508704467316521,3.8853689217158216
2023-11-29,0.510408504989607,3.8704111854089143
2023-11-30,0.5101533007371122,3.9705772254623812
2023-12-01,0.5101533007371122,4.051405768035213
2023-12-02,0.5101533007371122,4.102931403218345
2023-12-03,0.5101533007371122,4.308364050960367
2023-12-04,0.5101533007371122,4.523940907099644
2023-12-05,0.5101533007371122,4.48964206527086
2023-12-06,0.5101533007371122,4.44307107249927
2023-12-07,0.5101533007371122,4.532762167041677
2023-12-08,0.5101533007371122,4.487542185268299
2023-12-09,0.5101533007371122,4.4930548713918625
2023-12-10,0.5101533007371122,4.232802045919733
2023-12-11,0.5124511114737637,4.2539836533682545
2023-12-12,0.5302603242495464,4.401822341452387
2023-12-13,0.5299951940874217,4.415495615077315
2023-12-14,0.5299951940874217,4.30319773679599
2023-12-15,0.5299951940874217,4.335049524876084
2023-12-16,0.5299951940874217,4.2452028836668205
2023-12-17,0.5299951940874217,4.374399624442988
2023-12-18,0.5299951940874217,4.338170480549994
2023-12-19,0.5299951940874217,4.4799749201044285
2023-12-20,0.5299951940874217,4.502235331884162
2023-12-21,0.5299951940874217,4.515448780697532
2023-12-22,0.5299951940874217,4.488933686507109
2023-12-23,0.5299951940874217,4.414689418306571
2023-12-24,0.5299951940874217,4.475961174669978
2023-12-25,0.5299951940874217,4.363814834120796
2023-12-26,0.5299951940874217,4.458485025576493
2023-12-27,0.5299951940874217,4.374842611728751
2023-12-28,0.5299951940874217,4.320608139360184
2023-12-29,0.5299951940874217,4.326509291257417
2023-12-30,0.5299951940874217,4.337622459174754
2023-12-31,0.5299951940874217,4.532837134120806
2024-01-01,0.5299951940874217,4.613979175388178
2024-01-02,0.5299951940874217,4.397453805295854
2024-01-03,0.5299951940874217,4.534129213778739
2024-01-04,0.5299951940874217,4.532360872676925
2024-01-05,0.5299951940874217,4.514555189150049
2024-01-06,0.5299951940874217,4.50982424529548
2024-01-07,0.5299951940874217,4.820523099832585
2024-01-08,0.5299951940874217,4.735261878147816
2024-01-09,0.5299951940874217,4.785349508449469
2024-01-10,0.5299951940874217,4.758749023949664
2024-01-11,0.5699115949733381,4.397966147152147
2024-01-12,0.569198249744591,4.396859280277944
2024-01-13,0.5689136506197188,4.289498004201954
2024-01-14,0.5689136506197188,4.3629493051163015
2024-01-15,0.5689136506197188,4.428937172275839
2024-01-16,0.5689136506197188,4.386624069062709
2024-01-17,0.5689136506197188,4.23467261485672
2024-01-18,0.5689136506197188,4.2712441217741866
2024-01-19,0.5689136506197188,4.2760861131203
2024-01-20,0.5689136506197188,4.263791111249631
2024-01-21,0.5689136506197188,4.054590866664525
2024-01-22,0.5734991022848154,4.0892982189405425
2024-01-23,0.573212352733673,4.113059174983275
2024-01-24,0.573212352733673,4.09835600603063
2024-01-25,0.573212352733673,4.2916123163694815
2024-01-26,0.573212352733673,4.322727663142835
2024-01-27,0.573212352733673,4.314059544506831
2024-01-28,0.5900073608051908,4.442617661983251
2024-01-29,0.5854327209782473,4.408171692250507
2024-01-30,0.5898903437726482,4.370198661757447
2024-01-31,0.5895953986007618,4.4208118633999485
2024-02-01,0.5895953986007618,4.432109843207545
2024-02-02,0.5895953986007618,4.412239959197051
2024-02-03,0.5895953986007618,4.370298885125267
2024-02-04,0.5895953986007618,4.378004859430201
2024-02-05,0.5895953986007618,4.421725098727522
2024-02-06,0.5895953986007618,4.548322847129384
2024-02-07,0.5895953986007618,4.649242166015385
2024-02-08,0.5895953986007618,4.838657115112437
2024-02-09,0.5895953986007618,4.902705459657926
2024-02-10,0.5895953986007618,4.95634340254123
2024-02-11,0.5895953986007618,5.12714887670149
2024-02-12,0.5895953986007618,5.105003521348014
2024-02-13,0.5895953986007618,5.318907849925113
2024-02-14,0.5880280564648022,5.330387835368671
2024-02-15,0.5877340424365698,5.3531353327160085
2024-02-16,0.5877340424365698,5.302107607224205
2024-02-17,0.5877340424365698,5.349270719652874
2024-02-18,0.5877340424365698,5.314027773699228
2024-02-19,0.5877340424365698,5.365930248745363
2024-02-20,0.5877340424365698,5.3201891054593204
2024-02-21,0.5877340424365698,5.265364117007558
2024-02-22,0.5877340424365698,5.206555450131693
2024-02-23,0.5877340424365698,5.292676588312355
2024-02-24,0.5877340424365698,5.309316473624752
2024-02-25,0.5877340424365698,5.595564835348525
2024-02-26,0.5877340424365698,5.858599059724391
2024-02-27,0.5877340424365698,6.4147870358668175
2024-02-28,0.5997243449628903,6.280712223332122
2024-02-29,0.5875506970118862,6.4082027614945245
2024-03-01,0.5914160823227875,6.3660444031613075
2024-03-02,0.5805705026482287,6.4827869873587085
2024-03-03,0.5331170405259437,7.0126635231941234
2024-03-04,0.5684541835322424,6.54783596200851
2024-03-05,0.5884281500294265,6.784457320029131
2024-03-06,0.5957153601170951,6.868477375526818
2024-03-07,0.6079509969077098,7.009551788070053
2024-03-08,0.6097204528789357,7.029953256823464
2024-03-09,0.6044740554232092,7.083413203005519
2024-03-10,0.5772882536361609,7.401984803531611
2024-03-11,0.5715673816081994,7.33603381857143
2024-03-12,0.5843787273791212,7.5004666901122325
2024-03-13,0.5708901543416657,7.32734164632715
2024-03-14,0.5549554796460913,7.122821031232288
2024-03-15,0.5870935908102936,6.703207438417984
2024-03-16,0.5594489810636346,7.018842895160424
2024-03-17,0.5663369649771643,6.932426298491428
2024-03-18,0.6135884796830188,6.3540292249335915
2024-03-19,0.5541163878259995,6.969893802317204
2024-03-20,0.5538393296320865,6.721298157202939
2024-03-21,0.539079265903691,6.545533229909481
2024-03-22,0.5361444457815795,6.574622461078987
2024-03-23,0.5358763735586888,6.900157581201203
2024-03-24,0.5358763735586888,7.179783984566382
2024-03-25,0.5358763735586888,7.182762623057989
2024-03-26,0.5358763735586888,7.128113626840118
2024-03-27,0.5358763735586888,7.260464597448313
2024-03-28,0.5358763735586888,7.173012092049531
2024-03-29,0.5358763735586888,7.147609076348438
2024-03-30,0.5358763735586888,7.3208816489309525
2024-03-31,0.5233521955382352,7.153442878142497
2024-04-01,0.5230905194404661,6.716739597541022
2024-04-02,0.5270957347325579,6.7715269020064826
2024-04-03,0.5063731543007307,7.030975535175225
2024-04-04,0.5113342545759453,6.962090811792221
2024-04-05,0.5110785874486573,7.070720113917869
2024-04-06,0.5110785874486573,7.118590803323348
2024-04-07,0.5110785874486573,7.351435343951044
2024-04-08,0.5110785874486573,7.09564927353591
2024-04-09,0.5110785874486573,7.244344670968168
2024-04-10,0.5110785874486573,7.190231268427927
2024-04-11,0.5110785874486573,6.896226419821839
2024-04-12,0.5364880311770813,6.549916599124452
2024-04-13,0.520371452686787,6.746681930017412
2024-04-14,0.5386767527445553,6.509351391446099
2024-04-15,0.5414134088415736,6.548930401185105
2024-04-16,0.5199036773235732,6.288748934750863
2024-04-17,0.5004118433772344,6.518233186302295
2024-04-18,0.4978053677091292,6.5521844534914795
2024-04-19,0.48883171844099205,6.670296890680242
2024-04-20,0.48934162763005684,6.663338983592716
2024-04-21,0.47493846448233656,6.8594660920793995
2024-04-22,0.4779968663364158,6.815294045839946
2024-04-23,0.4933312193584509,6.596656368047451
2024-04-24,0.49175929420733266,6.617675613640103
2024-04-25,0.491513414560229,6.543127468188335
2024-04-26,0.491513414560229,6.508625774263084
2024-04-27,0.491513414560229,6.4772306038467775
2024-04-28,0.491513414560229,6.551933093284989
2024-04-29,0.491513414560229,6.2230833859422345
2024-04-30,0.5105826381379934,5.9785351613140065
2024-05-01,0.5029623609846261,6.067762823003615
2024-05-02,0.5027108798041339,6.4543039071177795
2024-05-03,0.5027108798041339,6.5571006101297815
2024-05-04,0.5027108798041339,6.571433754408435
2024-05-05,0.5027108798041339,6.482230547220576
2024-05-06,0.5027108798041339,6.3973429582510395
2024-05-07,0.5027108798041339,6.279640635083396
2024-05-08,0.5027108798041339,6.470737332292465
2024-05-09,0.5027108798041339,6.239085449741825
2024-05-10,0.5027108798041339,6.23918126328146
2024-05-11,0.5027108798041339,6.306370608174423
2024-05-12,0.5027108798041339,6.4554957634078916
2024-05-13,0.5027108798041339,6.317084486194366
2024-05-14,0.5027108798041339,6.800948473863684
2024-05-15,0.49460102106410675,6.694634331534676
2024-05-16,0.49435372055357474,6.881448684683537
2024-05-17,0.49328765500111116,6.870049679721177
2024-05-18,0.48840614450112135,6.802064561287724
2024-05-19,0.5265026747780609,7.332637449082752
2024-05-20,0.5168370053472798,7.198023033935714
2024-05-21,0.5093633869802502,7.093937458413548
2024-05-22,0.5091087052867601,6.971524636958372
2024-05-23,0.5043832958515103,7.03274668253134
2024-05-24,0.5041311042035845,7.1086759059916655
2024-05-25,0.5041311042035845,7.031924850915217
2024-05-26,0.5041311042035845,7.12187492264007
2024-05-27,0.5041311042035845,7.009154101746545
2024-05-28,0.4985781719881112,6.935453845986532
2024-05-29,0.4922740085630018,7.01621223220189
2024-05-30,0.4920278715587203,6.926558019858842
2024-05-31,0.4933530728611628,6.948676916243213
2024-06-01,0.49367852182244304,6.953260732193822
2024-06-02,0.501352616299144,7.0613472245593565
2024-06-03,0.5011019399909944,7.242280069591078
2024-06-04,0.5011019399909944,7.295139477353158
2024-06-05,0.5011019399909944,7.261717790439533
2024-06-06,0.5011019399909944,7.116541435898168
2024-06-07,0.5005853646880941,7.11276341582483
2024-06-08,0.5030571601717178,7.1478848910566795
2024-06-09,0.5035343230678428,7.133957050077489
2024-06-10,0.5193276575423701,6.910200764443698
2024-06-11,0.5123153934403197,7.00350631452316
2024-06-12,0.5006561399498457,6.851124300729017
2024-06-13,0.5004058118798708,6.774634628195843
2024-06-14,0.5004058118798708,6.793098177909089
2024-06-15,0.5004058118798708,6.83908065906484
2024-06-16,0.5004058118798708,6.823814635678519
2024-06-17,0.5004058118798708,6.685311954753542
2024-06-18,0.5004058118798708,6.666792680847788
2024-06-19,0.5004058118798708,6.653282570865671
2024-06-20,0.5004058118798708,6.578111436959535
2024-06-21,0.5004058118798708,6.594160405295265
2024-06-22,0.5004058118798708,6.484164858219498
2024-06-23,0.5004058118798708,6.186194371395514
2024-06-24,0.5128342060872693,6.3429316918616365
2024-06-25,0.5125777889842257,6.240984081221804
2024-06-26,0.5125777889842257,6.322422382764452
2024-06-27,0.5125777889842257,6.190578943290897
2024-06-28,0.5125777889842257,6.248794287829271
2024-06-29,0.5125777889842257,6.432593521180641
2024-06-30,0.5125777889842257,6.45041884848761
2024-07-01,0.5125777889842257,6.365959012851929
2024-07-02,0.5125777889842257,6.175573099767439
2024-07-03,0.5125777889842257,5.8475492329755205
2024-07-04,0.5151582271645764,5.8151875083999585
2024-07-05,0.5149006480509941,5.9836180896363595
2024-07-06,0.5149006480509941,5.731723091253464
2024-07-07,0.5149006480509941,5.819572080295341
2024-07-08,0.5149006480509941,5.953413171936281
2024-07-09,0.5149006480509941,5.926038963036906
2024-07-10,0.5149006480509941,5.885235624636614
2024-07-11,0.5149006480509941,5.9421484662868
2024-07-12,0.5027933631665368,6.078900044529228
2024-07-13,0.5025419664849535,6.238573909672472
2024-07-14,0.5025419664849535,6.657541262211074
2024-07-15,0.5040492093823791,6.680837582720595
2024-07-16,0.4964737730943852,6.580430204797418
2024-07-17,0.49535315089885545,6.5655771016865145
2024-07-18,0.5165387781597093,6.846378523816014
2024-07-19,0.5162805087706295,6.892919850470729
2024-07-20,0.5162805087706295,6.9946120919693575
2024-07-21,0.5162805087706295,6.93618828282592
2024-07-22,0.5162805087706295,6.766073147223202
2024-07-23,0.5162805087706295,6.7090588795247825
2024-07-24,0.5162805087706295,6.750633136070347
2024-07-25,0.5162805087706295,6.969728634207043
2024-07-26,0.5162805087706295,6.959596452613927
2024-07-27,0.5162805087706295,7.005012872188232
2024-07-28,0.5162805087706295,6.857642828572025
2024-07-29,0.5112404826866548,6.794126068769453
2024-07-30,0.49902522263380483,6.631791473657327
2024-07-31,0.5047263932696356,6.707557132581372
2024-08-01,0.4742807628755954,6.302950185077471
2024-08-02,0.46860490168229907,6.227520875775831
2024-08-03,0.4488111076483429,5.964471417448056
2024-08-04,0.41695158741927585,5.541074592945288
2024-08-05,0.43272766582344996,5.750730653407238
2024-08-06,0.4325113019905383,5.6473983567176065
2024-08-07,0.4848203265121445,6.333232876110976
2024-08-08,0.48457791634888847,6.248048625972693
2024-08-09,0.48457791634888847,6.254791253266142
2024-08-10,0.5020370805286376,6.026306028245139
2024-08-11,0.5017860619883733,6.091478478084095
2024-08-12,0.5017860619883733,6.22028274415188
2024-08-13,0.5017860619883733,6.0281312962198745
2024-08-14,0.5017860619883733,5.907319643288988
2024-08-15,0.5017860619883733,6.0442271690917435
2024-08-16,0.5017860619883733,6.104251344972528
2024-08-17,0.5017860619883733,6.002134958181287
2024-08-18,0.5017860619883733,6.1057374570705605
2024-08-19,0.505589204389692,6.056407916323097
2024-08-20,0.5053364097874972,6.278332118793141
2024-08-21,0.5053364097874972,6.196919073539184
2024-08-22,0.5053364097874972,6.577922215241094
2024-08-23,0.5057510392763944,6.586608374083306
2024-08-24,0.5069689489937955,6.602469724274477
2024-08-25,0.5067154645192986,6.453362208353745
2024-08-26,0.5067154645192986,6.106833499821039
2024-08-27,0.5067154645192986,6.0579301088335455
2024-08-28,0.50336696894334,6.09493337801958
2024-08-29,0.5031152854588683,6.06735671791721
2024-08-30,0.5031152854588683,6.052005705114978
2024-08-31,0.5031152854588683,5.883241981403944
2024-09-01,0.5031152854588683,6.066638717710149
2024-09-02,0.5031152854588683,5.894072920317501
2024-09-03,0.5031152854588683,5.94954535172538
2024-09-04,0.5031152854588683,5.763679512529564
2024-09-05,0.5031152854588683,5.536692025517261
2024-09-06,0.5046443363115668,5.556287297499929
2024-09-07,0.5043920141434111,5.62832023731289
2024-09-08,0.5043920141434111,5.8518424011594545
2024-09-09,0.5043920141434111,5.916413911684963
2024-09-10,0.5043920141434111,5.8850568261484275
2024-09-11,0.5043920141434111,5.965501312775774
2024-09-12,0.48292971551918734,6.216355591707228
2024-09-13,0.4779326843746006,6.1582492901930435
2024-09-14,0.47769371803241334,6.073859210021365
2024-09-15,0.47769371803241334,5.972223093608717
2024-09-16,0.47769371803241334,6.189388690574675
2024-09-17,0.47769371803241334,6.327028247855987
2024-09-18,0.47769371803241334,6.459499085612093
2024-09-19,0.47769371803241334,6.485414844062952
2024-09-20,0.47769371803241334,6.50613181597826
2024-09-21,0.47769371803241334,6.532186283570183
2024-09-22,0.4750613996322853,6.499456939681458
2024-09-23,0.47482386893246914,6.599229302346129
2024-09-24,0.47482386893246914,6.480300646049841
2024-09-25,0.47482386893246914,6.689445166442439
2024-09-26,0.47482386893246914,6.75201220961155
2024-09-27,0.47482386893246914,6.761965592716476
2024-09-28,0.47482386893246914,6.736067874471824
2024-09-29,0.47482386893246914,6.4994260708841685
2024-09-30,0.4932743478506498,6.243624766517127
2024-10-01,0.49493021162831163,6.222665654945167
2024-10-02,0.4946827465224975,6.235660215923218
2024-10-03,0.4837855020523359,6.36990620997015
2024-10-04,0.48361033873189047,6.3722125501104205
2024-10-05,0.48880484265278445,6.447029294187947
2024-10-06,0.4885604402314581,6.387269307104734
2024-10-07,0.48913799202156816,6.376524961180974
2024-10-08,0.4888934230255574,6.217464062155316
2024-10-09,0.4888934230255574,6.185895304865945
2024-10-10,0.4888934230255574,6.408660180945263
2024-10-11,0.4888934230255574,6.485419654784607
2024-10-12,0.4888934230255574,6.450356709999564
2024-10-13,0.4888934230255574,6.778229840846281
2024-10-14,0.49601415204465255,6.8803438222766955
2024-10-15,0.5002432935681835,6.939007365715958
2024-10-16,0.49866824672436677,6.917159473318171
2024-10-17,0.5062071310743116,7.021733337088357
2024-10-18,0.5057924016859162,7.015980515775496
2024-10-19,0.5055395054850733,7.0815570662335015
2024-10-20,0.5055395054850733,6.913876957575336
2024-10-21,0.5055395054850733,6.913215483347725
2024-10-22,0.5055395054850733,6.817851746186714
2024-10-23,0.5055395054850733,6.995282385853338
2024-10-24,0.5055395054850733,6.8394262292370875
2024-10-25,0.5055395054850733,6.877632980623903
2024-10-26,0.5121862257541243,6.971497376202328
2024-10-27,0.4967564636517232,7.174544306896766
2024-10-28,0.47676949761192844,7.463211659826238
2024-10-29,0.4765311128631225,7.424114924933182
2024-10-30,0.4765311128631225,7.206095424873399
2024-10-31,0.4812656073858857,7.130897431104686
2024-11-01,0.4826037616151051,7.111070041802148
2024-11-02,0.4783032181482707,7.054813462764447
2024-11-03,0.4780640665391966,6.959408834469366
2024-11-04,0.4780640665391966,7.11828371892435
2024-11-05,0.4780640665391966,7.762742424040441
2024-11-06,0.4780640665391966,7.790019215826294
2024-11-07,0.4780640665391966,7.85576494332918
2024-11-08,0.4780640665391966,7.879717526451183
2024-11-09,0.4780640665391966,8.258963552068476
2024-11-10,0.4780640665391966,9.103320570555576
2024-11-11,0.4780640665391966,9.026793214036102
2024-11-12,0.4921108491729611,9.296537593334243
2024-11-13,0.4739998816415237,8.954400672779403
2024-11-14,0.4947285311865367,9.345988604803505
2024-11-15,0.4919712983191341,9.29390131786711
2024-11-16,0.4880998656297523,9.220765520114659
2024-11-17,0.4918852674247583,9.292276095734541
2024-11-18,0.5016702524300084,9.477125669980664
2024-11-19,0.5125121823600927,9.681942144457329
2024-11-20,0.5351403872621261,10.109414852882596
2024-11-21,0.5378183375884859,10.16000440181029
2024-11-22,0.5311884411999616,10.03475806530011
2024-11-23,0.5324734719789521,10.059033768559965
2024-11-24,0.5057909497679687,9.554970362446761
2024-11-25,0.5113532866236183,9.440336477908291
2024-11-26,0.48924367307249117,9.848512579986991
2024-11-27,0.4908244579309776,9.816691259810714
2024-11-28,0.48154159991420864,10.002352242442704
2024-11-29,0.4865440440023189,9.898443861834844
2024-11-30,0.48235334598444995,9.9837010745849
2024-12-01,0.4893669433380135,9.838534341486843
2024-12-02,0.48866831254317883,9.852580045146588
2024-12-03,0.4745870051206674,10.136488792571974
2024-12-04,0.485037785187143,9.913275316698295
2024-12-05,0.4683307837321266,10.254735529073615
2024-12-06,0.46831848029377265,10.255004929486315
2024-12-07,0.46216624217447067,10.389723576935886
2024-12-08,0.4795291877007325,9.999396053985487
2024-12-09,0.483256295120644,9.921676440282427
2024-12-10,0.4607739097301852,10.383259570604977
2024-12-11,0.4659204286270359,10.26728590008549
2024-12-12,0.4593246303498313,10.412634638819505
2024-12-13,0.4590949680346564,10.403778902038942
2024-12-14,0.4590949680346564,10.704042499518645
2024-12-15,0.451245918242147,10.881695234168358
2024-12-16,0.45102029528302595,10.893074996244096
2024-12-17,0.47671136116006285,10.267135965927231
2024-12-18,0.488865245490668,10.005372573855322
2024-12-19,0.4897050966862788,10.032566781586091
2024-12-20,0.4870440522000798,9.978050080213743
2024-12-21,0.4868005301739798,9.760498823728415
2024-12-22,0.4887002478737867,9.717528656115856
2024-12-23,0.4681075893995783,10.127002049467619
2024-12-24,0.4705954011143211,10.190950170645285
2024-12-25,0.45399088037549484,9.831371978728964
2024-12-26,0.4537638849353071,9.664019800930303
2024-12-27,0.4537638849353071,9.766553116931677
2024-12-28,0.4613268817763795,9.598888242225419
2024-12-29,0.4610962183354913,9.507854956341168
2024-12-30,0.4610962183354913,9.58852033527119
2024-12-31,0.4610962183354913,9.690179703505171
2025-01-01,0.4610962183354913,9.943376803882781
2025-01-02,0.4610962183354913,10.068640779705696
2025-01-03,0.4610962183354913,10.08185903924072
2025-01-04,0.4610962183354913,10.08993944804783
2025-01-05,0.47851469017280773,10.47614418253959
2025-01-06,0.47827543282772134,9.947053798801354
2025-01-07,0.47827543282772134,9.754195976572955
2025-01-08,0.47827543282772134,9.49151934917347
2025-01-09,0.47827543282772134,9.719089735293014
2025-01-10,0.47827543282772134,9.705249289090563
2025-01-11,0.47764101583968904,9.697228212517205
2025-01-12,0.4774021953317692,9.700110636575703
2025-01-13,0.4774021953317692,9.907166501982935
2025-01-14,0.4774021953317692,10.314648256569381
2025-01-15,0.4774021953317692,10.237924462248978
2025-01-16,0.4774021953317692,10.72080626091366
2025-01-17,0.4774021953317692,10.715267516714462
2025-01-18,0.4774021953317692,10.374698089632325
2025-01-19,0.4774021953317692,10.46984053359719
2025-01-20,0.4774021953317692,10.893656291777443
2025-01-21,0.4774021953317692,10.637782826585571
2025-01-22,0.4774021953317692,10.669300269510618
2025-01-23,0.4774021953317692,10.757490418896555
2025-01-24,0.47764097136548384,10.746731239914359
2025-01-25,0.4869103273546383,10.538174429350656
2025-01-26,0.48973086979458313,10.477129578691994
2025-01-27,0.48561827197229485,10.399623240315655
2025-01-28,0.4853754628363087,10.642928695182917
2025-01-29,0.4853754628363087,10.748851164590484
2025-01-30,0.4959320117484683,10.509697362511792
2025-01-31,0.49568404574259406,10.330187689303113
2025-02-01,0.49568404574259406,10.025695467488354
2025-02-02,0.5142938344689045,10.407109524998324
2025-02-03,0.5140366875516701,10.044460489092
2025-02-04,0.5140366875516701,9.915520320137452
2025-02-05,0.5138975086424704,9.913247254155298
2025-02-06,0.5136405598881492,9.906657367274406
2025-02-07,0.5136405598881492,9.901871501014272
2025-02-08,0.5136405598881492,9.90368193593057
2025-02-09,0.508393921027736,9.999892360102923
2025-02-10,0.5172123820259904,9.826436980097506
2025-02-11,0.5056609250722445,10.04590130022778
2025-02-12,0.5054080946097084,9.91638464646153
2025-02-13,0.5005257115062844,10.007221494544853
2025-02-14,0.5001592946169059,10.014547421839014
2025-02-15,0.49990921496959745,9.870321184824581
2025-02-16,0.49990921496959745,9.829100516320688
2025-02-17,0.49990921496959745,9.805102231342959
2025-02-18,0.49990921496959745,9.917589732236198
2025-02-19,0.49990921496959745,10.091886988531302
2025-02-20,0.48843226333791673,9.865242666330413
2025-02-21,0.4881880472062478,9.911652499926548
2025-02-22,0.4881880472062478,9.88047020394349
2025-02-23,0.4881880472062478,9.382130754813215
2025-02-24,0.4736216328413733,9.106880504580522
2025-02-25,0.4501949331559254,8.656427780594576
2025-02-26,0.4521014739018667,8.693087083182252
2025-02-27,0.45033362250724424,8.659094523965527
2025-02-28,0.45918789095554446,8.829345963348478
2025-03-01,0.5030424145693297,9.672588497985421
2025-03-02,0.5027908933620451,8.832810484727275
2025-03-03,0.5092958438505857,8.95150301476898
2025-03-04,0.5291566392111818,9.30058100488555
2025-03-05,0.5252921378526452,9.232657624046675
2025-03-06,0.5250294917837188,8.902290134021658
2025-03-07,0.5212075021862476,8.841936423707482
2025-03-08,0.4876102876798928,8.27198216665479
2025-03-09,0.4750932687404192,8.059639318148324
2025-03-10,0.5012896481606859,8.504043361439605
2025-03-11,0.5064932687583256,8.592319302028393
2025-03-12,0.49042740505355015,8.319772677366009
2025-03-13,0.5079859794036108,8.61764213903523
2025-03-14,0.507731986413909,8.65602608533635
2025-03-15,0.507731986413909,8.475048340235846
2025-03-16,0.516676109353213,8.62858091829256
2025-03-17,0.5083356915937648,8.48929449063123
2025-03-18,0.5337512567018258,8.913738849774452
2025-03-19,0.5334843810734748,8.637972248750751
2025-03-20,0.5324319758235094,8.625251097120112
2025-03-21,0.5310967798504738,8.6036212907707
2025-03-22,0.5308312314605486,8.83165110080833
2025-03-23,0.5394765359498651,8.979902308274408
2025-03-24,0.5392067976818902,8.977109684353476
2025-03-25,0.5354184541447092,8.918527121395412
2025-03-26,0.5371203081575145,8.946875100536523
2025-03-27,0.5539822817115788,8.657056381557537
2025-03-28,0.553705290570723,8.476885234121246
2025-03-29,0.553705290570723,8.449887464191404
2025-03-30,0.553705290570723,8.471890101469105
2025-03-31,0.553705290570723,8.740803829494755
2025-04-01,0.535982612335935,8.465403645103803
2025-04-02,0.5399925684666917,8.528737597483472
2025-04-03,0.5448073484950698,8.604783080050469
2025-04-04,0.5426045149269174,8.569991139252013
2025-04-05,0.5082286759895293,8.027053093228842
2025-04-06,0.514862051407613,8.131821791226068
2025-04-07,0.4956063325304533,7.827693580683233
2025-04-08,0.5365559998673866,8.474459828620008
2025-04-09,0.5174014550805485,8.171929579453693
2025-04-10,0.4923305283930807,8.559732275321972
2025-04-11,0.5029490724998115,8.752907605179624
2025-04-12,0.5026975979635616,8.588482751508247
2025-04-13,0.5075967553531909,8.676478066667142
2025-04-14,0.5023528273103701,8.586842295423773
2025-04-15,0.5045435551185181,8.624288952789044
2025-04-16,0.5042912833409589,8.712742890079083
2025-04-17,0.5042912833409589,8.667078718339527
2025-04-18,0.5042912833409589,8.729950039653339
2025-04-19,0.5046965434266277,8.741330603516019
2025-04-20,0.5185893754097937,8.98195408106042
2025-04-21,0.5183300807220887,9.589822437265894
2025-04-22,0.5183300807220887,9.616220470562704
2025-04-23,0.5183300807220887,9.641332437603648
2025-04-24,0.5183300807220887,9.721044491858967
2025-04-25,0.5183300807220887,9.71349406422089
2025-04-26,0.5183300807220887,9.62194041861092
2025-04-27,0.511304466077797,9.747548361032194
2025-04-28,0.5150403051641956,9.676328032285516
2025-04-29,0.5147827850116136,9.66837671117616
2025-04-30,0.5147827850116136,9.90288576149661
2025-05-01,0.5147827850116136,9.945757309315232
2025-05-02,0.5147827850116136,9.84125320100905
2025-05-03,0.5147827850116136,9.67952876576021
2025-05-04,0.5147827850116136,9.72387239440537
2025-05-05,0.5147827850116136,9.93471509954231
2025-05-06,0.5147827850116136,9.958303671392391
2025-05-07,0.5147827850116136,10.59553987972991
2025-05-08,0.5147827850116136,10.567767583613556
2025-05-09,0.5147827850116136,10.744851049534052
2025-05-10,0.5147827850116136,10.684303306779777
2025-05-11,0.5147827850116136,10.5515626677175
2025-05-12,0.5147827850116136,10.69081542032724
2025-05-13,0.5147827850116136,10.626118430145223
2025-05-14,0.5147827850116136,10.6471805713393
2025-05-15,0.5147827850116136,10.620974165121762
2025-05-16,0.5147827850116136,10.59036995752429
2025-05-17,0.5147827850116136,10.924418451402595
2025-05-18,0.5147827850116136,10.838227958651402
2025-05-19,0.5147827850116136,10.959833380655422
2025-05-20,0.5006087463115055,11.256121718473917
2025-05-21,0.5003584419383498,11.460886878586258
2025-05-22,0.5003584419383498,11.010810192676372
2025-05-23,0.5003584419383498,11.062469325385441
2025-05-24,0.5003584419383498,11.190163517431255
2025-05-25,0.5003584419383498,11.231725747172678
2025-05-26,0.5021461126814705,11.185981396738867
2025-05-27,0.5018950396251297,11.063615880713302
2025-05-28,0.5018950396251297,10.841879296387816
2025-05-29,0.5018950396251297,10.673241052333292
2025-05-30,0.49855776466792273,10.73887452966422
2025-05-31,0.49372643173516073,10.842940862299765
2025-06-01,0.4926542760537474,10.866486939441891
2025-06-02,0.49474371089879166,10.820400225983608
2025-06-03,0.49803074612828896,10.748510405139895
2025-06-04,0.5130385835871283,10.4246109303805
2025-06-05,0.5127820642953348,10.713448262141794
2025-06-06,0.506506895796355,10.839197319064958
2025-06-07,0.505653138611212,10.857467638125046
2025-06-08,0.4841426955795276,11.319343420681628
2025-06-09,0.48390062423173785,11.315559788099693
2025-06-10,0.48390062423173785,11.154370144741542
2025-06-11,0.48390062423173785,10.871364209413478
2025-06-12,0.48390062423173785,10.88798124379801
2025-06-13,0.48390062423173785,10.824498960833967
2025-06-14,0.48390062423173785,10.832669971565586
2025-06-15,0.48390062423173785,10.96041547797572
2025-06-16,0.48390062423173785,10.735079672065089
2025-06-17,0.4823531233433649,10.764042621791145
2025-06-18,0.4832684939287623,10.743615495855572
2025-06-19,0.48961465306780044,10.60253306544291
2025-06-20,0.4893698457412666,10.494547598232138
2025-06-21,0.4893698457412666,10.36418185209372
2025-06-22,0.4893698457412666,10.83531266132826
2025-06-23,0.48695655787558156,10.88332847417034
2025-06-24,0.4867130795966438,11.018349395297255
2025-06-25,0.4846506550837861,10.97716881614049
2025-06-26,0.4844083297562442,10.990349391689216
2025-06-27,0.4844083297562442,11.014905720378966
2025-06-28,0.4844083297562442,11.123473284910036
2025-06-29,0.4844083297562442,10.995163320492338
2025-06-30,0.4844083297562442,10.84768022491723
2025-07-01,0.4844083297562442,11.172093645106806
2025-07-02,0.4844083297562442,11.25303243338424
2025-07-03,0.4844083297562442,11.087426547546473
2025-07-04,0.4844083297562442,11.107628371351186
2025-07-05,0.4844083297562442,11.210348503710176
2025-07-06,0.4844083297562442,11.11467607857628
2025-07-07,0.4844083297562442,11.181428048692077
2025-07-08,0.4844083297562442,11.425302772288555
2025-07-09,0.4844083297562442,11.903619196102307
2025-07-10,0.4844083297562442,12.060619502685586
2025-07-11,0.4844083297562442,12.052228000544766
2025-07-12,0.4844083297562442,12.224735668384078
2025-07-13,0.4844083297562442,12.300022660503412
2025-07-14,0.4844083297562442,12.087323016807508
2025-07-15,0.4844083297562442,12.185982098302436
2025-07-16,0.4844083297562442,12.242565004625757
2025-07-17,0.4844083297562442,12.110521118416562
2025-07-18,0.4844083297562442,12.104029851329605
2025-07-19,0.4844083297562442,12.038430850837207
2025-07-20,0.4844083297562442,12.052670586937053
2025-07-21,0.4844083297562442,12.314976788769075
2025-07-22,0.4844083297562442,12.18767066160346
2025-07-23,0.4844083297562442,12.147957352551577
2025-07-24,0.4844083297562442,12.072821096377442
2025-07-25,0.4844083297562442,12.104788341777265
2025-07-26,0.47800102439966774,12.258846892068298
2025-07-27,0.48409972867470874,12.102439106035568
2025-07-28,0.4841092860177954,12.102200173526686
2025-07-29,0.4844827106466044,12.092864968154473
2025-07-30,0.4930061339476558,11.880117217242015
2025-07-31,0.50338990543228,11.629896349995184
2025-08-01,0.5031382104795639,11.54849412886495
2025-08-02,0.5031382104795639,11.722014453612715
2025-08-03,0.5031382104795639,11.80968103612516
2025-08-04,0.5031382104795639,11.714191418414167
2025-08-05,0.5031382104795639,11.805177398868807
2025-08-06,0.4920875564410944,12.058557306669321
2025-08-07,0.49547225279003426,11.975615654609376
2025-08-08,0.49627207910995175,11.95628376963734
2025-08-09,0.48431729034482873,12.244300873356396
2025-08-10,0.481497532915046,12.18525728290636
2025-08-11,0.48125678414858847,12.33319258631707
2025-08-12,0.48125678414858847,12.658644320597258
2025-08-13,0.48125678414858847,12.147093026227498
2025-08-14,0.48125678414858847,12.048443566175882
2025-08-15,0.48125678414858847,12.057988037940103
2025-08-16,0.48125678414858847,12.054058480134621
2025-08-17,0.48125678414858847,11.930827034211092
2025-08-18,0.48125678414858847,11.579720523129847
2025-08-19,0.48125678414858847,11.727871507228105
2025-08-20,0.48125678414858847,11.537422252975151
2025-08-21,0.48125678414858847,11.994638851608524
2025-08-22,0.48125678414858847,11.84072061403244
2025-08-23,0.48900787398162565,11.644094393174015
2025-08-24,0.4887633700446349,11.301922193993702
2025-08-25,0.4887633700446349,11.474164470355028
2025-08-26,0.4887633700446349,11.414578871931822
2025-08-27,0.4887633700446349,11.550330220963408
2025-08-28,0.4887633700446349,11.126066263882263
2025-08-29,0.4903098943160477,11.166833922763614
2025-08-30,0.4900647393688897,11.108196036506513
2025-08-31,0.4900647393688897,11.212249540550976
2025-09-01,0.4900647393688897,11.41237475962673
2025-09-02,0.4875164809662363,11.466011098936146
2025-09-03,0.49187838607755174,11.36342245963574
2025-09-04,0.491632446884513,11.355969850004655
2025-09-05,0.491632446884513,11.312220345483931
2025-09-06,0.491632446884513,11.408991218729133
2025-09-07,0.491632446884513,11.501748346539886
2025-09-08,0.491632446884513,11.446238231145708
2025-09-09,0.491632446884513,11.695093655229362
2025-09-10,0.4980831292018623,11.854391883190017
2025-09-11,0.4978340876372614,11.915357356941367
2025-09-12,0.4978340876372614,11.899853202833107
2025-09-13,0.4978340876372614,11.844141037129402
2025-09-14,0.4978340876372614,11.847960750123754
2025-09-15,0.4978340876372614,11.991467784250712
2025-09-16,0.4978340876372614,11.953014884272532
2025-09-17,0.4978340876372614,12.021642234046976
2025-09-18,0.4978340876372614,11.87300055633987
2025-09-19,0.4978340876372614,11.87639772761549
2025-09-20,0.4978340876372614,11.83371780687614
2025-09-21,0.4978340876372614,11.571236013703697
2025-09-22,0.4978340876372614,11.495905725089463
2025-09-23,0.4978340876372614,11.630773504910348
2025-09-24,0.4978340876372614,11.191589896402068
2025-09-25,0.4978340876372614,11.259688066794421
2025-09-26,0.4978340876372614,11.256518603010486
2025-09-27,0.4978340876372614,11.507004059948363
2025-09-28,0.4978340876372614,11.740765844838348
2025-09-29,0.49908344110992275,11.705431094279778
2025-09-30,0.4789862034711853,12.17678880921906
2025-10-01,0.47874671036944977,12.385364060882441
2025-10-02,0.47874671036944977,12.548058658331778
2025-10-03,0.47874671036944977,12.564366202956482
2025-10-04,0.47874671036944977,12.676031070446655
2025-10-05,0.47874671036944977,12.803193677749551
2025-10-06,0.47874671036944977,12.464401010532125
2025-10-07,0.47874671036944977,12.659753191938824
2025-10-08,0.47874671036944977,12.490489554069104
2025-10-09,0.47874671036944977,11.61904656908848
2025-10-10,0.47874671036944977,11.372072137172069
2025-10-11,0.49735290101655694,11.819726624728485
2025-10-12,0.4971042245660487,11.83012419779959
2025-10-13,0.4971042245660487,11.609224679042136
2025-10-14,0.4971042245660487,11.369535283285813
2025-10-15,0.4971042245660487,11.10299564639708
2025-10-16,0.5047508624548264,10.92665383339845
2025-10-17,0.501287761753933,11.001621714314648
2025-10-18,0.5076533170298849,11.152326389824957
2025-10-19,0.50739949037137,11.349601256319913
2025-10-20,0.49745542155411565,11.132845372481603
2025-10-21,0.4972066938433386,11.051942664616584
2025-10-22,0.5079520045442756,11.296316099691335
2025-10-23,0.5076980285420035,11.395270238781123
2025-10-24,0.5046650176610579,11.457648461125261
2025-10-25,0.4918690427872504,11.748161527596503
2025-10-26,0.4933863285631696,11.711921559579785
2025-10-27,0.49313963539888805,11.592547510636907
2025-10-28,0.49313963539888805,11.29483600099537
2025-10-29,0.49313963539888805,11.1152605812574
2025-10-30,0.49313963539888805,11.243609833235285
2025-10-31,0.49313963539888805,11.295729993436325
2025-11-01,0.49313963539888805,11.354804051790177
2025-11-02,0.49313963539888805,10.934836870934205
2025-11-03,0.46995031577521856,10.426106263028368
2025-11-04,0.48059601873527674,10.66228703912405
2025-11-05,0.4686123387546757,10.396422506840953
2025-11-06,0.45856289010029844,10.608978630674137
2025-11-07,0.45326777438452814,10.497083650331447
2025-11-08,0.4640697684564769,10.747243581770643
2025-11-09,0.46383773357224867,10.878295657531892
2025-11-10,0.46383773357224867,10.570499271726849
2025-11-11,0.45759702634921523,10.433563683381104
2025-11-12,0.4487492186832536,10.231826872550808
2025-11-13,0.4248946804755701,9.687925078622683
2025-11-14,0.43007707381985993,9.806087627495355
2025-11-15,0.42390123662272267,9.665273795708453
2025-11-16,0.41452451355586634,9.451477307475129
2025-11-17,0.4183729612304839,9.539224870468773
2025-11-18,0.41169834495972846,9.387038492688616
2025-11-19,0.38993956501695587,8.890921596963114
2025-11-20,0.38300240753331033,8.732749077869812
2025-11-21,0.38101144069813586,8.687353504756013
2025-11-22,0.3907187490773924,8.908687592036333
2025-11-23,0.39731536957930375,9.059095606377896
2025-11-24,0.3931353168099161,8.963787192515923
2025-11-25,0.4074329821203607,9.289784943703996
2025-11-26,0.40722926562930056,9.368501980363598
2025-11-27,0.40722926562930056,9.330928640661405
2025-11-28,0.40722926562930056,9.324000399690753
2025-11-29,0.40722926562930056,9.277053368843102
2025-11-30,0.40722926562930056,8.859073016030791
2025-12-01,0.4307486490830632,9.375155208412952
2025-12-02,0.4410168137854944,9.598639688273217
2025-12-03,0.44711212647455595,9.456377829268051
2025-12-04,0.4604751143123723,9.17375194095076
2025-12-05,0.45942025228115047,9.161910349596107
2025-12-06,0.4652523496050881,9.278215959909813
2025-12-07,0.4664594728940753,9.3022888110732
2025-12-08,0.47701709765510025,9.512832449680564
2025-12-09,0.47356515283276274,9.443992626366343
2025-12-10,0.4760888381794762,9.494320792750765
2025-12-11,0.46455643643532135,9.264337829721061
2025-12-12,0.4643241582171037,9.267241902027008
2025-12-13,0.4750113863470805,9.049306589596195
2025-12-14,0.474773880653907,8.869152279685698
2025-12-15,0.4823607954500031,9.015316435740296
2025-12-16,0.47302466796252857,8.84082434521815
2025-12-17,0.46928385071433193,8.770908523827016
2025-12-18,0.48378518025610256,9.041938167594077
2025-12-19,0.48198014013975465,9.066632403637948
2025-12-20,0.48301348626878793,9.095137533019802
2025-12-21,0.48324846221209133,9.081617801594374
2025-12-22,0.47688903786240966,8.97118768599574
2025-12-23,0.4779690181975816,8.991504165333241
2025-12-24,0.47954897453174367,8.952790684598728
2025-12-25,0.4793092000444778,8.959634737940412
2025-12-26,0.4793092000444778,9.01102366844984
2025-12-27,0.47888568909328116,9.01448017195921
2025-12-28,0.48268956136178726,8.94287658905399
2025-12-29,0.48244821658110637,9.075472104679665
2025-12-30,0.4771806311039527,8.980919775904525
2025-12-31,0.48385043212654233,9.106450746779313
2026-01-01,0.4904632754579182,9.2309097285119
2026-01-02,0.49405399566684877,9.29848994453936
2026-01-03,0.49380696866901536,9.381650484434624
2026-01-04,0.49380696866901536,9.635047229760932
2026-01-05,0.49380696866901536,9.619291314552708
2026-01-06,0.49380696866901536,9.37082956785785
2026-01-07,0.4950793729595348,9.341998111190376
2026-01-08,0.4978750495353248,9.289244539304715
2026-01-09,0.4976261120105572,9.276266815852457
2026-01-10,0.4976261120105572,9.3215068422994
2026-01-11,0.4976261120105572,9.359020849767845
2026-01-12,0.4748471329933432,9.782753222106074
2026-01-13,0.47460970942684655,9.947733714128644
